person_id,count,name
211560,20,Raúl Campos
590250,19,Jan Suter
159658,17,Ryan Polito
37676,15,Marcus Raboy
66544,15,Jay Karas
141692,12,Cathy Garcia-Molina
173191,12,Youssef Chahine
836313,11,Suhas Kadav
56729,10,Jay Chapman
117061,9,Kunle Afolayan
38906,8,Troy Miller
434193,8,Umesh Mehra
247954,7,Fernando Ayllón
61026,7,Anurag Kashyap
164764,7,Mae Cruz-Alviar
65462,7,Manny Rodriguez
701746,7,Shannon Hartman
1302822,6,Kayode Kasum
590029,6,Niyi Akinmolayan
45230,6,Karan Johar
66323,6,Mani Ratnam
139923,6,Sandra Nashaat
61028,6,Zoya Akhtar
254888,6,Rocky Soraya
255818,6,Song Hyun-wook
24221,6,Steven Brill
66532,6,Lance Bangs
127816,6,Shaun Paul Piccinino
111716,5,Michael Simon
68596,5,Ashutosh Gowariker
722189,5,Hong Jong-chan
304814,5,Rajiv Chilaka
38641,5,Rohit Shetty
72792,5,Ryoo Seung-wan
51574,5,Leslie Small
9236,5,Noah Baumbach
184723,5,Ozan Açıktan
308,5,Bo Burnham
385348,5,Mahdi Fleifel
158359,5,Antoinette Jadaone
4465,5,Wilson Yip
254741,5,Michihito Fujii
67640,5,Mike Clattenburg
462999,5,Rajiv Mehra
654537,5,Shigeaki Kubo
119174,5,Chris Smith
1278410,5,Fabio Ock
7382,5,Tyler Perry
479396,5,Maroun Bagdadi
65822,4,Vikramaditya Motwane
29156,4,Timo Tjahjanto
1283,4,Peter Jackson
293040,4,Philippe Aractingi
202602,4,Anurag Basu
64710,4,Stan Lathan
172569,4,Abhishek Kapoor
235916,4,Ribhu Dasgupta
66049,4,Hanung Bramantyo
35650,4,Vince Marcello
233825,4,Bejoy Nambiar
168360,4,Jun Robles Lana
67759,4,Clay Glen
177714,4,Adrian Teh
260740,4,Theodore Boborol
141193,4,Sherif Arafa
3308,4,Martin Scorsese
39576,4,Paul Dugdale
21934,4,Andrew Lau
118027,4,Christopher Storer
61021,4,Farhan Akhtar
53524,4,Savage Steve Holland
1784,4,Francis Lawrence
53156,4,Imtiaz Ali
157099,4,Kıvanç Baruönü
52006,4,Orlando von Einsiedel
53707,4,Joe Berlinger
281619,4,Cristina Jacob
286453,4,Hernán Zin
45443,4,S. S. Rajamouli
288247,4,Sebastián Schindel
66549,4,Chapman Way
66550,4,Maclain Way
1153272,4,Jung Jee-hyun
97750,4,Hakan Algül
24449,4,Conrad Helten
375672,4,Elissa Down
64957,4,Linda Mendoza
182970,4,Daniel Calparsoro
172962,4,Matías Gueilburt
251023,4,Bruno Garotti
80741,4,Yılmaz Erdoğan
1511385,4,Kristian Mercado Figueroa
140242,4,Qaushiq Mukherjee
157200,4,Hiroyuki Seshita
1302796,4,Stanley Moore
1302215,4,Alex Woo
1013852,4,Manolo Caro
247998,4,Angga Dwimas Sasongko
1023252,4,Lucas Margutti
400512,4,Toshiya Shinohara
31566,4,Spike Lee
832040,3,Ramy Imam
10009,3,Joe Wright
406394,3,Alexandre Lehmann
658434,3,Fu-chun Hsu
233266,3,Maite Alberdi
103843,3,Mahesh Bhatt
11002,3,Peter Segal
636756,3,Scott Zabielski
375281,3,Julia Reichert
940069,3,Marcos Bucay
375280,3,Steven Bognar
63670,3,Farah Khan
146968,3,Rako Prijanto
64436,3,Rajkumar Santoshi
69393,3,Paul Miller
47088,3,Keishi Ōtomo
136620,3,Mai Masri
75822,3,Fumihiko Sori
340069,3,Daniel Gray Longino
72756,3,Javier Ruiz Caldera
188292,3,Mikhail Red
57419,3,Masahiko Murata
194555,3,Sachin Kundalkar
64446,3,Priyadarshan
9756,3,Todd Phillips
65824,3,Vikas Bahl
236243,3,Fajar Bustomi
698269,3,Pidi Baiq
106170,3,Felix Herngren
144388,3,Lekh Tandon
65751,3,Abhinay Deo
124773,3,Shakun Batra
16383,3,Ian MacNaughton
25347,3,Kenji Kamiyama
318559,3,Michael McKay
51001,3,Julien Leclercq
147323,3,Jon Shenk
200814,3,Olivia M. Lamasan
305367,3,Tyler Spindel
145934,3,Wenn V. Deramas
163136,3,Amr Salama
190017,3,Kief Davidson
225143,3,Chanda Bell
118156,3,David Paul Meyer
756837,3,Elaine McMillion Sheldon
139218,3,Alejandro Montiel
256633,3,Chris Howe
590921,3,Kim Sok-yun
192301,3,Dan Villegas
354236,3,Gerardo Olivares
55874,3,Morgan Neville
6315,3,Steven Soderbergh
26922,3,Rhys Thomas
40818,3,David 'Tosh' Gitonga
66925,3,Anees Bazmee
1081730,3,Kim Jung-hyun
24284,3,Lynn Shelton
145485,3,Fuminori Kaneko
49538,3,Fernando González Molina
36145,3,Gina Prince-Bythewood
57599,3,Brian Klein
37554,3,Michael D. Black
29693,3,Mike Binder
116202,3,Mark Raso
931395,3,Steve Paley
134546,3,Shashanka Ghosh
113012,3,Edwin
1103270,3,Kim Joo-hyung
3074,3,Michael Bay
3809,3,Antoine Fuqua
309460,3,Jahmil X.T. Qubeka
12172,3,Bobcat Goldthwait
417627,3,Kim Jin-min
12242,3,Wash Westmoreland
9707,3,Paul W. S. Anderson
17073,3,Seth Barrish
80724,3,Cem Yılmaz
102077,3,Takashi Yamazaki
273840,3,Ryuichi Yagi
187926,3,Kim Kyu-tae
1119674,3,Tope Oshin
688104,3,Kim Won-suk
65830,3,Mike Smith
65831,3,John Paul Tremblay
31988,3,Robb Wells
65002,3,Shaad Ali
18789,3,Stephen Herek
316615,3,Jota Linares
32565,3,Brian Volk-Weiss
138721,3,Abhishek Chaubey
180090,3,Kobun Shizuno
736149,3,Hwang Dong-hyuk
261025,3,Diego Lerman
590681,3,Shawn Levy
15379,3,Gregory Jacobs
61027,3,Dibakar Banerjee
67406,3,Rajkumar Hirani
7026,3,John Lee Hancock
6587,3,McG
160440,3,Justin G. Dyck
1607290,3,Nadia Hallgren
424372,3,Marla Ancheta
1962912,3,Yu Je-won
73306,3,Hideaki Anno
253507,3,Skye Borgman
1790441,3,Kim Hee-won
297519,3,Tomasz Mandes
745342,3,Adze Ugah
1962840,3,Seyi Babatope
1344,3,Vir Das
8969,3,Dennis Dugan
753271,3,Barry Gonzalez
267018,3,Per-Olav Sørensen
31687,3,Jesse V. Johnson
269916,3,Mehmet Ada Öztekin
141354,3,Yasmin Ahmad
323228,3,Moses Inwang
1532066,3,Blair Simmons
597453,3,Bolanle Austen-Peters
128449,3,Rakeysh Omprakash Mehra
227880,3,Yeon Sang-ho
66084,3,Mike Flanagan
2022586,3,Onur Bilgetay
595600,3,Page Hurwitz
141210,3,Victor Vũ
611302,3,Hardik Mehta
73804,3,Mike Rohl
1385190,3,Selçuk Metin
64481,3,Vishal Bhardwaj
1326091,3,Ahmed Zain
40583,3,Leigh Janiak
3180,3,Sylvester Stallone
1919687,3,Ben Simms
134688,3,Veronica Velasco
71207,3,Dani de la Orden
446979,3,Filip Zylber
36224,3,Patrick Brice
1324,3,Ron Howard
194535,3,Barbara Białowąs
104375,3,Yoshiyuki Tomino
213097,2,Oz Rodriguez
148411,2,Yoshiyuki Momose
87719,2,Amy Schumer
176560,2,Tsai Yueh-Hsun
728308,2,Shin Won-ho
610739,2,Lee Eung-bok
401017,2,Rodrigo Triana
118809,2,Radha Krishna Jagarlamudi
230853,2,Luke Snellin
64707,2,John Asher
48010,2,Sabbir Khan
426253,2,Joe DeMaio
179099,2,Juliana Vicente
61141,2,Charlie McDowell
211507,2,Babak Anvari
13471,2,Joe Nussbaum
907499,2,Ulises Valencia
354728,2,Ken Ghosh
212982,2,Abhishek Sharma
353029,2,Romain Gavras
67122,2,Omoni Oboli
178169,2,Anthony Giordano
262830,2,Annemarie Jacir
187265,2,Lijo Jose Pellissery
923454,2,Patrick Graham
28317,2,Nicole Holofcener
11173,2,Christopher Guest
46275,2,Jon M. Chu
33266,2,Joe Swanberg
320175,2,Peter Orton
103921,2,Keegan Kuhn
247263,2,Mahmoud Sabbagh
183527,2,Hiroaki Matsuyama
376078,2,Tarun Mansukhani
627537,2,Chris Robinson
64802,2,Kabir Khan
243787,2,Ashwiny Iyer Tiwari
65088,2,Punit Malhotra
104101,2,Hajime Kamegaki
850322,2,Tsuyoshi Nakakuki
297627,2,Ketche
661319,2,Lam Yuk Fan
5194,2,Ava DuVernay
70632,2,Daniel Monzón
59758,2,Tom Stern
244311,2,Brian Oakes
65354,2,Jeong Jeong-hwa
48468,2,Biyi Bandele
109542,2,Anvita Dutt
157723,2,Jason Paul Laxamana
76168,2,Alain Desrochers
67542,2,Najwa Najjar
56653,2,Hannah Fidell
145940,2,Maryo J. de los Reyes
1603075,2,Kenneth Gyang
29735,2,Brett Haley
23633,2,David M. Rosenthal
39517,2,Neal Brennan
19522,2,Peter Sullivan
25004,2,Mateo Gil
178219,2,Leste Chen
421830,2,Aitor Arregi
140085,2,Olaf de Fleur Johannesson
65503,2,Reema Kagti
66691,2,Jon Garaño
66876,2,Milan Luthria
345564,2,Andrea Molaioli
232016,2,Khaled Marei
250110,2,Nobuhiro Doi
334830,2,Bernie Denk
246837,2,Bhaskar
1019758,2,Lee Jung-hyo
20730,2,Peter Chelsom
389284,2,Izu Ojukwu
236212,2,Bartosz M. Kowalski
676955,2,Smriti Mundhra
67533,2,Greg Barker
48824,2,Daniel Sánchez Arévalo
248623,2,Kamla Abu Zekry
55912,2,G.J. Echternkamp
1284311,2,Alex Diaz
325532,2,Marek Losey
29739,2,Robert Vince
8555,2,Judd Apatow
240568,2,Caroline Suh
786140,2,Suzanne Coote
34975,2,David E. Talbert
670691,2,Choi Jin-sung
275973,2,Matt Angel
5776,2,Ruben Fleischer
21954,2,Paco Plaza
201444,2,Esteban Crespo
5268,2,Robert Rodriguez
68766,2,Abbas Alibhai Burmawalla
68767,2,Mustan Alibhai Burmawalla
2066574,2,Chen Ming Zhang
4921,2,Sofia Coppola
11475,2,Terry Jones
22297,2,Aziz Ansari
195083,2,Selçuk Aydemir
127239,2,Alonso Ruizpalacios
158267,2,Remo D'Souza
10216,2,Anand Tiwari
282335,2,Petra Costa
51682,2,Nathan Frankowski
53894,2,Liz Garbus
133288,2,Jerrold Tarog
875111,2,Dare Olaitan
514365,2,Latif Faiziyev
120637,2,Jake Szymanski
33087,2,Ernie Barbarash
68522,2,Tigmanshu Dhulia
43188,2,Sam Wrench
87080,2,Alex Timbers
1363930,2,Rami Hachache
13240,2,Werner Herzog
304472,2,Luv Ranjan
36985,2,Johnnie To
146119,2,Sekhar Kammula
67975,2,Michael John Warren
229349,2,Rano Karno
32704,2,David Michôd
27557,2,Mar Targarona
701015,2,Biodun Stephen
30688,2,Shinji Aramaki
37064,2,Dany Boon
234720,2,Eduardo Roy Jr.
2396662,2,Jun-Young Um
243311,2,Pawan Kumar
328367,2,Ruel S. Bayani
67734,2,Dan Krauss
200136,2,Chun Chieh Liu
157637,2,Yoshitomo Yonetani
266275,2,Sudheer Varma
194902,2,Vasan Bala
232480,2,Bonni Cohen
11474,2,Eric Idle
65679,2,Aubrey Powell
248812,2,Bruno Ascenzo
255957,2,Karan Anshuman
1420443,2,Mohamed Gamal Al Adl
176951,2,Walter Taylaur
24568,2,Rob Zombie
185697,2,Satish Rajwade
194994,2,Tunde Kelani
57119,2,Ram Gopal Varma
253916,2,Oh Choong-hwan
158614,2,Joe Penna
184567,2,Sam Macaroni
2646611,2,Guillaume Pierret
67115,2,John Schultz
157312,2,Ravi Babu
306360,2,Kim Hong-sun
367083,2,Emre Şahin
22977,2,Mark Steven Johnson
184703,2,Syamsul Yusof
6623,2,Joseph Kosinski
136353,2,Joyce E. Bernal
903489,2,Yusuke Ishida
15833,2,Baltasar Kormákur
8718,2,Ricky Gervais
18993,2,Brian A. Miller
869859,2,Charles Uwagbai
16441,2,Miguel Arteta
18449,2,Gareth Evans
96505,2,Dee Rees
77785,2,Kyle Newacheck
5395,2,John Wells
232943,2,Kim Seong-yoon
1268455,2,Lee Tae-gon
246121,2,Scott Moran
315555,2,Funke Akindele
354360,2,Şenol Sönmez
955673,2,Soudade Kaadan
18336,2,Mark Waters
248792,2,Adam Randall
369451,2,Nayla Al Khaja
274463,2,Sara Colangelo
127607,2,Stuart McDonald
238177,2,Drea Cooper
102097,2,Jeffrey Walker
38260,2,Zak Hilditch
223,2,Nora Ephron
290206,2,Daniel Sandu
240416,2,Zackary Canepari
69823,2,Kagiso Lediga
98241,2,Park Joon-hwa
354040,2,Daisuke Yamamuro
387493,2,Shanker Raman
87623,2,Nahnatchka Khan
1116008,2,Kim Jin-won
439446,2,Magdy Ahmed Aly
1122250,2,Maciej Kawulski
26809,2,Stephen Frears
13025,2,Paul Thomas Anderson
64178,2,Louie Psihoyos
68052,2,Theo Love
34170,2,Michael Tiddes
308796,2,Eduardo Chauvet
2354,2,Chris Columbus
3630,2,Martin Campbell
8888,2,Tommy Wirkola
64608,2,Marty Callner
23096,2,Tate Taylor
2783,2,Joel Coen
32953,2,Dito Montiel
18073,2,Akiva Schaffer
67131,2,Harshavardhan Kulkarni
2781,2,Ethan Coen
121755,2,Huw Cordey
8024,2,Guillermo del Toro
1077713,2,Nzingha Stewart
12065,2,Don Michael Paul
56693,2,Ross Kauffman
86174,2,Scott Aukerman
117549,2,Jehane Noujaim
255463,2,Stanley Nelson
236926,2,Bedran Güzel
189233,2,Will Yapp
249327,2,Burak Aksak
128378,2,Ketan Mehta
56700,2,Luis Estrada
4228,2,Aaron Sorkin
2244791,2,Olivia Newman
104035,2,Aziz Mirza
63060,2,Sooraj Barjatya
240357,2,Upi Avianto
74584,2,Elia Suleiman
64183,2,Jeff Orlowski
184740,2,Hasan Karacadag
119079,2,K. S. Ravikumar
456639,2,Rahul Rawail
128216,2,Marcelo Galvão
606969,2,Jennifer Kaytin Robinson
74397,2,Oriol Paulo
961656,2,Christophe Charrier
36204,2,Debbie Allen
143176,2,Shankar
318760,2,Alison Klayman
56754,2,Ziad Doueiri
85219,2,Bill D'Elia
104517,2,Sudhir Mishra
246959,2,Alexis Morante
813127,2,An Gil-ho
432789,2,Rajiv Menon
188285,2,Chuck Vinson
60636,2,Noriyuki Abe
166267,2,Neeraj Ghaywan
269874,2,Damien O'Connor
52325,2,Sebastián Lelio
162963,2,Michaël Prazan
1509907,2,Peter Mimi
26363,2,Pierre Morel
67349,2,Shashank Khaitan
14299,2,Roger Kumble
13590,2,Edgar Wright
50144,2,Hany Abu-Assad
192618,2,Vinil Mathew
879305,2,Madeleine Parry
118152,2,Michelle Bello
6302,2,Peter Berg
268929,2,Erin Lee Carr
727906,2,Mag Hsu
1244324,2,Chiaki Kon
17741,2,Sam Mendes
65274,2,A.R. Murugadoss
17793,2,Will Gluck
1466932,2,Lisa Bryant
677294,2,Lee Yoon-jung
1153271,2,Sim Na-yeon
25796,2,Michael Showalter
1578929,2,Ivan Ayr
3754,2,Jason Orley
57821,2,Sion Sono
5139,2,Gabriele Muccino
161306,2,Karthik Subbaraj
112738,2,Jenner Furst
112736,2,Julia Willoughby Nason
637512,2,Lee Jae-hoon
431005,2,Michael Fimognari
214440,2,Sydney Freeland
56786,2,Mohit Suri
39469,2,Teddy Chan
1681,2,Jon Favreau
74401,2,Julián Hernández
254716,2,Mir-Jean Bou Chaaya
56015,2,Kenny Leon
290914,2,Nora Fingscheidt
875149,2,Ekene Som Mekwunye
1664935,2,Im Hyeon-wook
1066885,2,Kim Ga-ram
129683,2,Daniel Sivan
317056,2,Ayuko Tsukahara
5892,2,Olivier Megaton
350812,2,Jordan Riber
1496035,2,Park Shin-woo
690250,2,Alejandro Hartmann
1629129,2,Seung Woo Cha
111281,2,Taichi Ishidate
111677,2,Pedro Kos
203553,2,Roberto Santucci
37293,2,Alex Ranarivelo
22302,2,John Hamburg
24859,2,William Brent Bell
186229,2,Gabriel Nuncio
226132,2,Renato De Maria
237745,2,Monika Mitchell
55521,2,Gabriela Tagliavini
1153263,2,Kwon Young-il
934831,2,Florent Bodin
180221,2,Kan Eguchi
22799,2,David Bowers
186349,2,Jung Ji-woo
308514,2,Floyd Russ
127421,2,Jeff Tomsic
1329393,2,Sebastian DiNatale
318426,2,Tom Donahue
289600,2,Mangesh Hadawale
303773,2,Andibachtiar Yusuf
21630,2,Gary Ross
7166,2,Gil Kenan
157823,2,Margaret Brown
1200162,2,Susan Youssef
1414314,2,Niccolò Celaia
1414311,2,Antonio Usbergo
16168,2,Robert Luketic
27727,2,Ben Stassen
39622,2,Darren Grant
15380,2,Amy Poehler
301457,2,Chung Mong-Hong
200689,2,Yibrán Asuad
355324,2,Rachel Dretzin
8492,2,Jeff Tremaine
158489,2,Guillaume Nicloux
227610,2,César Rodrigues
289598,2,Laxman Utekar
164231,2,Thomas Sieben
951125,2,Venkatesh Maha
2027102,2,Tosin Igho
1080864,2,Haruka Fujita
323632,2,Olivier Abbou
605189,2,Berkun Oya
64438,2,Anubhav Sinha
165470,2,Jeethu Joseph
46756,2,Brandon Camp
1077217,2,Malik Nejer
2390155,2,Taketoshi Sado
1299567,2,Chih-yen Hsu
1377276,2,Francesco Imperato
954038,2,Nikhil Nagesh Bhat
159610,2,Yuki Tanada
1202297,2,Cha Young-hoon
1817351,2,Choi Do-hoon
263319,2,Nawapol Thamrongrattanarit
1387310,2,José Gómez
787878,2,Mehdi Idir
1092831,2,Jayan Moodley
11289,2,Ari Sandel
1128703,2,Fred Ouro Preto
795897,2,Neville Shah
277066,2,Halitha Shameem
174180,2,Claire Scanlon
787502,2,Yoo In-sik
2329963,2,Anna Wieczur-Bluszcz
198532,2,Marcos Carnevale
249253,2,Harry Bradbeer
58431,2,Phil Joanou
821467,2,Diego Pignataro
1437285,2,Pedro Flores Maldonado
366677,2,Łukasz Kośmicki
2086381,2,Chen Wei-Ling
955740,2,Florian Dedio
281234,2,Jeremiah Zagar
11520,2,Jeff Wadlow
15873,2,Justin Chadwick
772256,2,Mahmoud Karim
1967273,2,Femi D. Ogunsanwo
1539289,2,Todd Kauffman
26030,2,Jeffrey Lau
1669829,2,Adriano Rudiman
135271,2,Susan Johnson
243105,2,Jaime P. Habac Jr.
230790,2,Prashant Nair
1548194,2,Michael Steed
729841,2,Umur Turagay
29678,2,Mike Barker
254542,2,Piotr Domalewski
162230,2,Castille Landon
344526,2,Umesh Vinayak Kulkarni
30728,2,Dani de la Torre
365400,2,Yağmur Taylan
65889,2,Rory Kennedy
111860,2,Barry Avrich
111310,2,Ryan White
1161694,2,Rafal Skalski
394013,2,Luke Sewell
169637,2,Pedro Antônio
851750,2,Nelson Dilipkumar
1011808,2,Kristoffer Rus
163491,2,Cris D'amato
142171,2,Christian Schwochow
726116,2,Aram van de Rest
252210,2,Appie Boudellah
834952,2,David Tryhorn
1756805,2,Ben Nicholas
273329,2,Paco Caballero
607187,2,Daniel Markowicz
191402,2,Khalid Rahman
17495,2,Ryan Murphy
1876920,2,Andaç Haznedaroğlu
589285,2,Kyohei Ishiguro
74176,2,Deepa Mehta
758278,2,Letizia Lamartire
162910,2,Srijit Mukherji
1185454,2,Lucía Alemany
1023428,2,Claudio Norza
101325,2,Neeraj Pandey
232711,2,Lucky Kuswandi
282432,2,Luiz Bolognesi
108240,2,Jorge Torregrossa
284207,2,Annish Krishna
1803346,2,Jithin Issac Thomas
12772,2,Rob Letterman
5005,2,Tony Scott
7782,2,John G. Avildsen
18051,2,Joe Dante
8456,2,Ivan Reitman
169510,2,Ernesto Contreras
1019905,2,Oh Jin-seok
246403,2,John L. Spencer
68124,2,Indra Kumar
196662,2,Kevin Ko
70344,1,Vivek Agnihotri
353148,1,Anusha Rizvi
448862,1,Randa Chahal Sabbag
69466,1,Benz Kong To-Hoi
140378,1,Pang Ho-cheung
1124968,1,Janja Glogovac
386499,1,Takahiro Imamura
376071,1,Atsuji Shimizu
396613,1,Jean Duval
396615,1,Dave Borthwick
396614,1,Frank Passingham
1705749,1,Han Hee
69049,1,Vikram Bhatt
235458,1,Sundar C
1590430,1,Siddharth P. Malhotra
67149,1,Habib Faisal
171655,1,Chandra Sekhar Yeleti
167882,1,Newton I. Aduaka
1236254,1,Ahmad Awwad
381265,1,Mohamed Yassin
236127,1,Amr Arafa
172843,1,P. Vasu
212039,1,Josef Fares
2311512,1,Ahmed Saleh
212146,1,Laura Mañá
360711,1,Hawa Essuman
1684744,1,Amir Ramses
14152,1,Christopher Miller
14151,1,Phil Lord
859215,1,Hiroshi Koujina
4297,1,Tom Hooper
3447,1,Gore Verbinski
69088,1,Joshua Rous
13763,1,Oliver Stone
14163,1,Asger Leth
6447,1,Jaume Collet-Serra
15853,1,Lisa Azuelos
322478,1,Obi Emelonye
317022,1,Susan Lacy
104668,1,Puri Jagannadh
64531,1,Prabhu Deva
368990,1,David Lee Miller
74658,1,Icíar Bollaín
341775,1,Kiran Rao
69954,1,Derek Yee Tung-Sing
148129,1,Ted Emery
58217,1,Tatsuya Nagamine
239756,1,Nitesh Tiwari
188941,1,T.J. Martin
188939,1,Daniel Lindsay
36986,1,Wai Ka-fai
184686,1,Vishal Mahadkar
724828,1,Oleg Kuzovkov
68872,1,Rajesh Mapuskar
254308,1,Umesh Shukla
301559,1,Raj Kumar Gupta
1457574,1,Maeng Joo-gong
760004,1,Takashi Otsuka
2455820,1,Lin Feng
57285,1,Janet Chun
46731,1,Chan Hing-Kai
329023,1,Ahmed Samir Farag
340391,1,Susan Youssef
267345,1,Tolga Karaçelik
339029,1,Bapu
104969,1,Craig Freimond
1635863,1,Daniel Joseph
325140,1,Nadine Khan
147056,1,K Raghavendra Rao
1171669,1,Mahmood Ali-Balogun
194314,1,Hala Lotfy
328376,1,Eliane Raheb
3669,1,Denis Villeneuve
4994,1,Marc Forster
76789,1,Morten Tyldum
41369,1,John Carney
1922,1,Robert Schwentke
16115,1,Paul King
4216,1,Seth Rogen
6224,1,Evan Goldberg
1500,1,Gary Shore
9858,1,Michael Hoffman
12581,1,Stiles White
40322,1,Andrew Fleming
48311,1,John Erick Dowdle
28742,1,Shana Feste
1941,1,Jason Bateman
80713,1,Graham Annable
11707,1,Anthony Stacchi
63726,1,Jeffrey Blitz
84016,1,Todd Strauss-Schulson
95472,1,Jonathan Teplitzky
159115,1,Brandon Oldenburg
209573,1,Limbert Fabian
963348,1,Alon Zingman
35600,1,Joshua Michael Stern
24777,1,Lee Daniels
8212,1,Tim Burton
9369,1,Scott Frank
97919,1,Baran bo Odar
351455,1,Roger Graef
239210,1,James Rogan
13201,1,David Soren
82131,1,Luciano Vidigal
244323,1,Cavi Borges
301018,1,Judy Kibinge
7140,1,Sergei Bodrov
814855,1,Lara Saba
1245111,1,Tesia Joy Walker
798372,1,Albert Sharpe
116646,1,Rob Dipple
1104079,1,Kang Shin-hyo
241010,1,Boo Sung-Chul
61501,1,Simon J. Smith
9235,1,Eric Darnell
30200,1,Richard Laxton
63255,1,Shoojit Sircar
75854,1,Fung Chih-chiang
133061,1,Omung Kumar
19337,1,Rick Morales
82947,1,Cal Brunker
74173,1,Rajat Kapoor
68286,1,Luis Lopez
64965,1,J. Clay Tweel
37389,1,Greg Richardson
643401,1,Amin Dora
45681,1,Elaine Bogan
45682,1,John Sanford
297197,1,Tony Abulu
13656,1,Mike Fleiss
68281,1,David Sampliner
4624,1,Fisher Stevens
103808,1,Robert Nixon
55145,1,Wyatt Cenac
52098,1,Warren P. Sonoda
68146,1,Katy Chevigny
225649,1,N. Linguswamy
67663,1,Greg Whiteley
325162,1,Andrew Wessels
299872,1,Anthony D'Souza
76367,1,Will Lovelace
76368,1,Dylan Southern
303190,1,Erol Özlevi
294748,1,James Yukich
67506,1,Anthony Pierce
701017,1,Oleg Kuzovkov
1638311,1,Denis Chervyatsov
479908,1,Rinat Gazizov
2255828,1,Yoo Jungeol
163149,1,Vamsi Paidipally
162038,1,Gary Mak
104378,1,Josh Greenbaum
186613,1,Frasco Mortiz
311676,1,Mrigdeep Singh Lamba
236771,1,Srinivas Avasarala
66478,1,Devika Bhagat
186614,1,Dado C. Lumibao
157542,1,Srikanth Addala
132479,1,Jessica Habie
141808,1,Rajesh Ganguly
300012,1,Rani Massalha
244784,1,Smeep Kang
65978,1,David Dhawan
325603,1,Raphael Bob-Waksberg
285088,1,Trikoti
1527621,1,Arab Nasser
254864,1,Tarzan Nasser
112620,1,Gurmmeet Singh
2473,1,Damien Chazelle
14982,1,Shane Black
37777,1,Lee Toland Krieger
1168,1,David Robert Mitchell
96009,1,Tom Ford
24104,1,Felix van Groeningen
183024,1,Garth Davis
5159,1,Genndy Tartakovsky
56492,1,Afonso Poyart
7883,1,Michael Mann
1795857,1,Karim Abouzeid
19725,1,Mike Mitchell
36676,1,Walt Dohrn
20352,1,Taika Waititi
23082,1,Rick Famuyiwa
65529,1,Evgeny Afineevsky
80268,1,Simon Curtis
3863,1,Ilya Naishuller
25236,1,Alejandro Monteverde
194369,1,Keiichi Sato
237527,1,Yasushi Kawamura
76820,1,Babak Najafi
944486,1,Beer ten Kate
29171,1,Kimo Stamboel
372557,1,Nikon Basu
120213,1,Måns Herngren
28882,1,Doug Sweetland
11429,1,Nicholas Stoller
1232610,1,Jessica Adler
53471,1,Greg McLean
12241,1,Richard Glatzer
9015,1,Jennifer Yuh Nelson
86932,1,Alessandro Carloni
50883,1,Joe Menendez
6899,1,Tim Johnson
192002,1,Sally Cookson
172096,1,Jeremy Konner
32731,1,Riki Lindhome
158104,1,Kai Christiansen
956214,1,Emmanuel Amara
937,1,Andy Nyman
74275,1,Andrew O'Connor
269614,1,Rory Karpf
349623,1,William J. Saunders
1099359,1,Chen-Nien Ko
298838,1,Chen Yu-hsun
248818,1,Yeşim Ustaoğlu
111117,1,David Higby
1219354,1,Marvin Bogatsch
1219286,1,Peter Neugebauer
191649,1,Stephen Dunn
211077,1,Rodolphe Guenoden
64082,1,Jennifer Phang
25483,1,James Watkins
211329,1,Nishikant Kamat
230303,1,Nic Mathieu
131816,1,Mijke de Jong
51934,1,Jason Krawczyk
4424,1,Jeff Nichols
227658,1,Estela Renner
65301,1,Linas Phillips
83016,1,Levan Gabriadze
12011,1,Simon West
1556,1,Frank Coraci
855361,1,Rikhil Bahadur
109359,1,Benjamin Dickinson
9368,1,David Frankel
257279,1,Mathieu Auvray
120650,1,Rob Burnett
63523,1,Gauri Shinde
148331,1,Roger Gual
94640,1,John Lee
231490,1,Tony Elliott
3631,1,Naoko Yamada
1985704,1,Li Huizhu
227403,1,Adam Nimoy
1468,1,Sébastien Betbeder
139743,1,Pieter Kuijpers
38666,1,Jill Bauer
38669,1,Ronna Gradus
730099,1,tooniverse
67197,1,Brett Weiner
1121877,1,Kwak Jung-hwan
47176,1,Guilherme Fontes
2656,1,Brad Peyton
131598,1,Justin Krook
254682,1,Takashi Fujio
254680,1,Yo Kawahara
140373,1,Matt Chow Hoi-Kwong
237432,1,Elite Zexer
232217,1,Houda Benyamina
236456,1,Isa Campo
197923,1,Isaki Lacuesta
64480,1,Meghna Gulzar
30535,1,Ti West
66418,1,Amy Rice
17202,1,Cary Joji Fukunaga
14892,1,Jon Cassar
71174,1,Miguel Ángel Lamata
69224,1,Nagesh Kukunoor
131570,1,Alex Coletti
256029,1,Lô Politi
229671,1,Vetrimaaran
890460,1,Aleksey Kiryushchenko
6676,1,Yuen Woo-ping
232393,1,Chris Kelly
275094,1,David Lam
236149,1,Soumendra Padhi
228255,1,Richie Smyth
617404,1,Lucio Branco
55370,1,Rob Silvestri
54103,1,Sophie Robinson
54104,1,Lotje Sodderland
16799,1,Kevin Macdonald
58632,1,Zhao Tianyu
249160,1,Mario Miscione
249159,1,Aaron Hann
7431,1,Oz Perkins
269021,1,Curtis Graham
958941,1,Kwon Jin Mo
31601,1,Cyrus Nowrasteh
120636,1,Ali Scher
413186,1,Richard Ladkani
232251,1,Siân Heder
241156,1,Rod Blackhurst
167873,1,Brian McGinn
50931,1,Peter Bull
25545,1,Ryan Miller
111688,1,Stacy Title
28630,1,Karl Mueller
317824,1,Jui-Yuan Tsao
76554,1,Vikram Gandhi
64542,1,Karan Malhotra
232537,1,Elizabeth Wood
65762,1,Ashley York
65761,1,Kristina Goolsby
52185,1,Pieter Verhoeff
332758,1,Rob W. King
284591,1,Jayme Monjardim
732150,1,Abraham Joffe
9103,1,Tim Story
53290,1,Mahsun Kırmızıgül
75929,1,Jon Greenhalgh
268954,1,David Schalko
1431163,1,S.A. Zaidi
259009,1,Pierre Deschamps
19931,1,Chris Sparling
65306,1,J. Davis
19736,1,Jonathan Demme
272345,1,Khalid Nadzri
131651,1,Christopher Louie
48576,1,Alik Sakharov
46669,1,Kike Maíllo
1986860,1,Ching-Fang Lin
804228,1,Namimi Sanjo
85777,1,Keith Truesdell
85778,1,Jason Woliner
32954,1,Jerry Seinfeld
299370,1,Park Jung-woo
172485,1,Tolga Örnek
1239544,1,Tolu Lordtanner
55054,1,Allan Ungar
356850,1,Marcel Barrena
235378,1,Meltem Bozoflu
251365,1,Ray Yeung
54031,1,Serdar Akar
212423,1,Nuel C. Naval
252144,1,Muharrem Gülmez
235981,1,Kwon Hyuk-chan
2004974,1,Shin Tae sik
1525065,1,Andrew Ledenev
769829,1,Tian Xiao Zhang
830244,1,Hyun Wook Song
763317,1,Ha Byung-hoon
1100108,1,Kim Hyun-Soo
850341,1,Nicolas-Denis Robitaille
1323855,1,Olivier Derynck
2274562,1,Ram Ganapati Rao
1090727,1,Ker Choon Hooi
64483,1,Adam Dubin
639336,1,Sam Loh
40508,1,Yudai Yamaguchi
264697,1,Will Eisenberg
2712388,1,Christian Hughes
208175,1,Assad Fouladkar
68736,1,Akashdeep Saigal
268959,1,Basil Khalil
791144,1,Wang Ming Tai
148356,1,Lorene Machado
69484,1,Deepti Naval
38046,1,Gary Howsam
131882,1,Volker Weicker
246317,1,Bảo Nhân
246315,1,Namcito
239596,1,Doesjka van Hoogdalem
234922,1,Ridha Behi
1018398,1,Juraj Šajmovič
212352,1,Gerrit Schoonhoven
1054248,1,Bhavin Wadia
51712,1,Luca Guadagnino
82883,1,Andy Muschietti
6195,1,Chris Weitz
234599,1,Julia Ducournau
988022,1,Shawn Rech
267224,1,Christopher S. Rech
76819,1,Christian Gudegast
41068,1,Clay Kaytis
1523198,1,Gareth Morrow
121310,1,Julia Ford
36214,1,Daniel Nettheim
55591,1,Barbara Schroeder
2474053,1,channel w
958470,1,Gene Bernard
29852,1,David Bruckner
16652,1,Susanne Bier
89968,1,Debra Granik
1199082,1,Park Hyun-seok
168328,1,Barry Jenkins
46141,1,Axelle Laffont
34336,1,Michael Bonfiglio
31066,1,Pascal Laugier
56429,1,Jim Strouse
27031,1,Joshua Marston
291593,1,Erica A. Watson
2482,1,Jason Reitman
263083,1,Rhiannon Bannenberg
44333,1,Errol Morris
589314,1,David Ayer
2585643,1,Nicolai Fuglsig
179261,1,Marja-Lewis Ryan
130554,1,Kaat Beels
39685,1,Jonas Govaerts
49421,1,Erik Matti
53530,1,Ed Gass-Donnelly
235609,1,J.D. Dillard
286309,1,Felix Starck
683734,1,Selima Taibi
886277,1,Luis Pinheiro
369527,1,Wi Ding Ho
261841,1,Anne Sundberg
178352,1,Ricki Stern
193125,1,Anggy Umbara
59977,1,Jacob Kornbluth
167745,1,Sari Gilman
313541,1,Kim Jee-woon
60148,1,Aram Rappaport
24671,1,Damon Beesley
250687,1,Yan Han
290903,1,Rob VanAlkemade
112665,1,Myles Kane
112667,1,Josh Koury
629444,1,Alex Richanbach
589113,1,Olivia Milch
274284,1,Kim Hong-sun
892374,1,Rayka Zehtabchi
51908,1,Rachid Bouchareb
4787,1,Brian Henson
682354,1,Aaron Krummel
50060,1,Bille August
2340301,1,Mariano Laguyás
242136,1,Isaac Rentz
631,1,Oliver Schmitz
282445,1,Kevin R. Adams
282443,1,Joe Ksander
1057745,1,Aviran Ran
1423633,1,Ravi Udyawar
414598,1,Yoshitaka Takeuchi
881493,1,Li Haoling
255300,1,Show Joy
201417,1,Maria Sadowska
133322,1,Dawn Porter
923763,1,Ryan Koo
1300930,1,Eliza Brownlie
915016,1,Toshio Tsuboi
65244,1,Liam Lynch
362206,1,Eliane Brum
663807,1,Lygia Barbosa da Silva
52338,1,Michel Leclerc
10956,1,Jody Hill
54685,1,Haifaa al-Mansour
348411,1,Yam Laranas
911380,1,Fritz Ofner
68714,1,Rizal Mantovani
751130,1,Wynn Padula
314228,1,Joshua Izenberg
117760,1,Jeannie Gaffigan
158330,1,Bradley Walsh
612891,1,Jimmy Henderson
302644,1,Antonio Morabito
20359,1,Madeleine Sami
20356,1,Jackie van Beek
122255,1,Craig Johnson
31706,1,Mamoru Hosoda
67560,1,Sophie Sartain
67559,1,Roberta Grossman
1244369,1,Jesse Lickman
645107,1,Jang Hang-jun
200498,1,Ross Venokur
111766,1,Stephen Kijak
682828,1,Daniel Kaufman
867490,1,Todd Biermann
111131,1,Zoe Berriatúa
250719,1,Bert Marcus
5640,1,Jeff Garlin
1591451,1,Kim Yun Cheol
18074,1,Jared Stern
142149,1,Shree Narayan Singh
230017,1,Adam Leon
92711,1,S.J. Clarkson
598592,1,Tony Bancroft
200331,1,Scott Christian Sava
179593,1,Jaime Maestro
1434128,1,Adam Franklin
1966741,1,Park Hong-kyun
238033,1,Raditya Dika
348239,1,Ísold Uggadóttir
26955,1,Ritesh Batra
69510,1,Jon Alpert
142616,1,R. Balki
618303,1,Samu Fuentes
194521,1,Daniel Lucchesi
99602,1,Ahn Pan-seok
667683,1,Grant S. Johnson
667682,1,Ippsie Jones
124780,1,Michael Larnell
175889,1,Thom Zimny
1272755,1,Tien Jen Huang
51296,1,Alex Zamm
48467,1,Genevieve Nnaji
847103,1,Yasuto Nishikata
280791,1,Tien-Lun Yeh
33551,1,James Marsh
533572,1,Jim Gable
31286,1,Barbra Streisand
316421,1,Ben Shelton
725824,1,Umut Aral
145225,1,Laurent Bouzereau
320080,1,David France
50647,1,Kim Joon-Sung
9816,1,Andy Fickman
14700,1,Sonny Mallhi
428272,1,Anthony Abrams
428273,1,Adam Larson Broder
418630,1,Alessio Cremonini
8396,1,Jeffrey Nachmanoff
68192,1,Michael Barnett
1012500,1,Alan Hicks
21715,1,Rashida Jones
914643,1,Prasobh VIjayan
244896,1,Jason Sussberg
674733,1,David Alvarado
258653,1,Vinod Kapri
50689,1,Fred Cavayé
13238,1,Pat Healy
1452769,1,Lee Seung-Won
903483,1,Akira Uchikata
903490,1,Yûsuke Koroyasu
20504,1,Álvaro Longoria
1034892,1,Samer Al Barkawi
59140,1,Yann Gozlan
719271,1,Fazila Allana
205669,1,Bryan Fogel
3217,1,Vanessa Roth
48089,1,Barbara Kopple
232483,1,Sara Dosa
21220,1,Judah Friedlander
247764,1,Liz Plonka
1533901,1,John Karabelas
1641581,1,Kemi Adetiba
334947,1,Sam Voutas
80458,1,Christopher Jenkins
979771,1,Guillermo de Oliveira
822934,1,Harry Chaskin
1236673,1,Yeo Siew Hua
246150,1,Jessica Yu
51481,1,Rob Meyer
4239,1,Alfonso Cuarón
101314,1,Alexandre Avancini
64912,1,René Liu
111112,1,Joshua Zeman
98276,1,Borja Cobeaga
74008,1,Macon Blair
58003,1,Madeleine Gavin
420765,1,John Hoffman
236109,1,Nanfu Wang
211592,1,Gonzalo Bendala
206781,1,Woo Min-ho
187813,1,Andreas Pichler
275137,1,Scott McAboy
145069,1,Monique Gardenberg
168302,1,Everardo González
457191,1,Tom Forrest
1073700,1,Kelly Loudenberg
242351,1,Kim A. Snyder
8117,1,Mike Birbiglia
184310,1,Shivam Nair
107958,1,Ana Lily Amirpour
594210,1,Byun Hyuk
59080,1,Bong Joon-ho
200886,1,Bryn Evans
214768,1,Abby Epstein
25510,1,Tig Notaro
719270,1,Eric Abrams
200516,1,Julius Onah
340955,1,Johanna Demetrakas
51561,1,Emmanuel Mouret
5108,1,Angelina Jolie
868222,1,Alberto Arnaut Estrada
285509,1,Marco Risi
365102,1,Catherine Bainbridge
54134,1,Sergio Barrejón
116560,1,Manuel Martín Cuenca
26849,1,Peter Webber
9898,1,Mike Newell
72611,1,Carlos Vermut
49540,1,Curro Velázquez
1043148,1,Park Soo-zin
255004,1,Roberto Girault
802026,1,Derek Peck
9310,1,Andrew Niccol
233205,1,Ben Young
159574,1,Louis J. Horvitz
602920,1,Yance Ford
23978,1,George Nolfi
2668328,1,Frank W Chen
1731416,1,Zhong Qing
281119,1,Thiru
2607531,1,Siwakorn Bunsrang
352568,1,Jang Yoo-jung
831580,1,Prasanth Varma
193153,1,Kabir Bhatia
1002683,1,Aleksey German Jr.
75362,1,Shinsuke Sato
1002287,1,Duncan McMath
58496,1,C.J. Wallis
184779,1,Lennart Ruff
28681,1,Eli Craig
46060,1,Kheiron
20859,1,David Mackenzie
340975,1,Pablo Giorgelli
20643,1,Adam Wingard
593485,1,Aditya Sarpotdar
263338,1,Max Amini
27687,1,Asghar Farhadi
67981,1,Sam Cullman
158334,1,Federico Veiroj
105686,1,Christian Zübert
2107703,1,Jang Hyuk-jae
1103267,1,Jo Hyo-jin
263016,1,Hanno Olderdissen
1067344,1,Mo Wan-il
1081469,1,Hasan Aljaberi
761325,1,Ibrahim Bin Mohamed
24415,1,Niki Caro
165298,1,Ben Howling
165294,1,Yolanda Ramke
338789,1,Tinge Krishnan
19654,1,Miguel Ángel Vivas
282452,1,Hugo Stuven Casasnovas
65273,1,Atlee
158456,1,David Farrier
33856,1,Rob Epstein
33857,1,Jeffrey Friedman
86007,1,Hèctor Hernández Vicens
31777,1,Colin Trevorrow
766743,1,Pedro Coutinho
29280,1,Isabelle Nanty
141593,1,Raj Babu
236774,1,Ali F. Mostafa
63657,1,Shreyas Talpade
923287,1,Gauravv K. Chawla
414941,1,Morgan Pehme
299028,1,Dylan Bank
656134,1,Daniel DiMauro
1819957,1,Mansore
147424,1,Kitarou Kousaka
986799,1,Andy Caballero
986798,1,Diego Corsini
68562,1,Eduardo Mendoza de Echave
189469,1,Amal Neerad
333785,1,Alethea Jones
44634,1,Liam O'Donnell
26510,1,Joe Piscatella
120450,1,Martin Zandvliet
1858,1,Andy Serkis
288047,1,Matt Palmer
162324,1,Ian Samuels
42666,1,David Oelhoffen
1068221,1,Matthew Kay
24990,1,Joseph Ruben
617881,1,Mario Rouleau
115892,1,Tamara Jenkins
96142,1,Stephanie Laing
55831,1,Tommy O'Haver
2590373,1,Gerard McMurray
202209,1,Paul Soriano
194682,1,Jay Bulger
406078,1,Irek Dobrowolski
59161,1,Mamat Khalid
45639,1,Brian Knappenberger
106751,1,José Manuel Cravioto
41586,1,Hiromasa Yonebayashi
352478,1,Akihiko Yamashita
255975,1,Suttasit Dechintaranarak
56614,1,Cate Shortland
315591,1,Jean Bernard Marlin
1184912,1,Andrey Dzhunkovskiy
31915,1,Hatem Khraiche
608264,1,Jo Hyun-tak
49447,1,Jim Hosking
827772,1,Yoo Byung-jae
660190,1,Mandla Dube
12340,1,Marti Noxon
668044,1,Oded Raz
233442,1,Fernando Lebrija
47971,1,Sean Olson
292612,1,Nattawut Poonpiriya
5565,1,Paul Greengrass
17130,1,David Wain
708045,1,Johnny Castuciano
365379,1,Roy Burdine
20099,1,Duncan Jones
79780,1,David Slade
1268803,1,Cheta Chukwu
67823,1,Rohena Gera
64609,1,Nandita Das
977626,1,Kang Cheol-Woo
47130,1,Alice Rohrwacher
885266,1,Fulvio Iannucci
1147741,1,Roly Santos
7617,1,Anne Fletcher
812384,1,Blake Lemons
660626,1,Rareko
260063,1,Ishaya Bako
2324792,1,Richard Valverde
1103262,1,Shin Yong Hwi
1966322,1,탕빈
42019,1,Niall Johnson
921132,1,Federico D'Alessandro
37665,1,Jessy Terrero
1176387,1,Ravneet Sippy Chadha
262525,1,Paul Urkijo Alijo
68833,1,Sriram Raghavan
232269,1,Onur Tukel
90713,1,Stephen S. Campanelli
17056,1,David Lynch
1723130,1,Joel Crawford
99552,1,Jonathan A. Rosenbaum
127406,1,Jakob Lass
10256,1,Philipp Kadelbach
10964,1,Lauren Miller
2359702,1,Jeon Woo-sung
2359501,1,Kim Shin-il
97732,1,Gupse Özay
640246,1,Raymie Muzquiz
92933,1,Jeremy Saulnier
69765,1,Robin Aubert
1072062,1,Ahmed Siddiqui
352170,1,Seren Yüce
798644,1,Sandi Tan
405145,1,Jon Olb
699932,1,Amar Kaushik
9156,1,Maz Jobrani
1327252,1,Daniel Goldhaber
917750,1,Rodrigo Toro Solovera
853124,1,Francisco Schultz
141462,1,Isao Yukisada
750761,1,Lucy Cohen
295125,1,Alexandre Espigares
15246,1,Orson Welles
948372,1,Pietro Scappini
282014,1,Rodrigo Salomón
329518,1,Fermin Muguruza
13242,1,Oren Uziel
301763,1,Lluís Segura
443476,1,Sean Foley
932877,1,Ahsan Rahim
15137,1,Joe Lynch
220272,1,Ildikó Enyedi
107255,1,Christoffer Boe
407095,1,Brandon Jones
58525,1,Koichi Sakamoto
429549,1,Juan Antin
858776,1,Lee Jong-jae
335846,1,Omri Givon
121539,1,Erhan Emre
885699,1,Sedat Kirtan
281126,1,Ten Shimoyama
157045,1,Gerard Barrett
1363281,1,Florian Schnell
124153,1,Wayne Blair
1528461,1,Celia Catunda
1528460,1,Kiko Mistrorigo
1945747,1,Tariq Alkazim
869523,1,Lukas Dhont
1592173,1,Ilya Silaev
739206,1,Yan Shen
1715529,1,Liu Hai Bo
589281,1,Peter Lepeniotis
8673,1,John Woo
243810,1,Kyzza Terrazas
613749,1,Ewan Keil
63816,1,Masaaki Yuasa
180878,1,Fernando Coimbra
318643,1,Patricia Ferreira
812339,1,Michał Tylka
637622,1,Noh Jong-chan
1111070,1,Cheng Feng
930112,1,Zhu Ruibin
31681,1,Chester Tam
1355058,1,Tom Mallion
926451,1,Lin Kuan Hui
109500,1,David Sington
857381,1,Heather Walsh
140395,1,Éléonore Pourriat
6887,1,Jay Baruchel
43582,1,Charles Stone III
49427,1,E.L. Katz
64716,1,Kirby Dick
707122,1,Susan Walter
2330,1,Robert Smigel
303298,1,Sandro Halphen
178281,1,Chris Moukarbel
238625,1,Tharun Bhascker Dhaassyam
1965814,1,Jameel Buari
154549,1,Masato Hijikata
103640,1,Joram Lürsen
1010155,1,Jacob Joice
246908,1,Jessica Dimmock
878122,1,Lucien Bourjeily
1972549,1,Lee Chang-min
1579954,1,Choi Seong-beom
741815,1,Jeremy Rush
124579,1,Aanand L. Rai
24495,1,Griffin Dunne
124577,1,Dhanush
1059940,1,Sree Harsha Konuganti
189657,1,Marco Petry
295857,1,Emily Hagins
157569,1,Dava Whisenant
210443,1,Toshio Lee
230981,1,Brent Bonacorso
730381,1,Thomas Astruc
184579,1,Joanna Lombardi
1559871,1,Dorian Jespers
352737,1,Dallas Jenkins
313676,1,Carlo Padial
33169,1,Maya Forbes
386418,1,Anthony Byrne
119930,1,Michael Stephenson
233434,1,Shunsuke Tada
191320,1,Patryk Vega
418874,1,Mamoru Hoshi
85433,1,Noël Wells
945037,1,Chung Yeong-joon
283922,1,Carlos Armella
93315,1,Alistair Legrand
1279608,1,Bodunrin Sasore
767864,1,Rakan Mayasi
1015547,1,Shazia Ali Khan
272196,1,Norberto López Amado
630204,1,Kitty Green
346846,1,Benjamin Nolot
245303,1,Heidi Ewing
245304,1,Rachel Grady
20926,1,Wim Wenders
97723,1,Brillante Mendoza
50628,1,Franck Ribière
589811,1,Sandy Johnson
132218,1,Sathyan Anthikad
127266,1,Fabrice Du Welz
47521,1,Karsten Kiilerich
73819,1,Richard Claus
278461,1,Álvaro Brechner
234463,1,Matheus Souza
395570,1,Joseduardo Giordano
291926,1,Gerardo Herrero Pereda
5525,1,Daryl Hannah
230796,1,Lenin Bharathi
2384771,1,Daniel Beard
2384750,1,Candy J. Beard
178560,1,Kanwal Sethi
699590,1,K. M. Sarjun
242651,1,Feroz
319247,1,Andrucha Waddington
1280387,1,Charlie Askew
2180135,1,Toyin Ibrahim Adekeye
71490,1,Ricardo de Montreuil
13214,1,Julio Medem
763902,1,Kiyoshi Yamamoto
392468,1,Teruo Noguchi
916780,1,Jeff Daniels
183595,1,Norihisa Hiranuma
775333,1,Michael Douglas
75906,1,Ramón Salazar
230033,1,Fernando Colomo
48948,1,Katarina Launing
1990356,1,Laura Brownson
249457,1,Leena Yadav
839276,1,Zakariya Mohammed
748843,1,Digo Ricio
589316,1,Ludovic Bernard
70757,1,Xavier Gens
134424,1,Suseenthiran
270271,1,Jan-Eric Mack
201616,1,Vicente Villanueva
57313,1,Yang Woo-seok
127715,1,Eduardo Casanova
164040,1,Gastón Duprat
63574,1,Tanuja Chandra
167567,1,Shaz Bennett
231873,1,Mahmoud al Massad
989549,1,Lin He Long
166700,1,Min Doo-sik
308629,1,José F. Ortuño
308630,1,Laura Alvea
119706,1,Shadab Khan
950685,1,Hari Nath
201024,1,Manoj Beedha
177534,1,Namron
129541,1,Cem Özüduru
849011,1,Can Emre
618321,1,Kim Byung-soo
66166,1,Pierre Greco
56568,1,Nancy Florence Savard
191665,1,Andy Luo
989188,1,Hajime Gonno
714546,1,Anita Barbosa
2459672,1,yoo samsam
356389,1,Kentaro Moriya
427259,1,Lorena Muñoz
2620880,1,Samit Kakkad
206543,1,Ranjit Jeyakodi
388487,1,Koto Nagata
2541390,1,Barbara Necek
1480131,1,Tatyana Ushenko
194892,1,Daniel Sloss
835112,1,Josh Wakely
1236871,1,Jadesola Osiberu
900357,1,Toka Mcbaror
247955,1,Andrés Felipe Orjuela
69606,1,Raya Martin
166665,1,Stefano Savona
169151,1,Paakhi A. Tyrewala
1633576,1,Marco Moscoso
165847,1,Ram
2377660,1,Bruno Herrera Manzo
941125,1,Jesse Handsher
957377,1,Phanindra Narsetti
278567,1,Masatoshi Yamaguchi
980145,1,Sofie Šustková
353219,1,Samir Soni
236971,1,Mohamed Khalifa
194558,1,Abhijeet Deshpande
161431,1,Müfit Can Saçıntı
328357,1,Mostofa Sarwar Farooki
923129,1,Mariana Tschudi
644162,1,Mohamed Ali
187414,1,Navaniat Singh
191482,1,Mohamed Ben Attia
62785,1,Kunal Kohli
1367481,1,Diana Chao
1287360,1,Daniel Růžička
1951223,1,Achille Brice
317586,1,Robert Kirk
276600,1,Max Serio
890140,1,Gaurav Bavdankar
1596151,1,Tosin Coker
1602002,1,Odunlade Adekola
145776,1,Halder Gomes
1973649,1,Nur Imran Mithu
1324096,1,William Mitchell
861259,1,Manish Saini
1232025,1,Toyin Abraham
1460462,1,Ameen Nayfeh
1913424,1,Leli Maki
946765,1,Mariano Baez
358838,1,Mercedes Cordova
633415,1,Shady Hanna
2490686,1,Okechukwu Oku
1014937,1,Moufida Fedhila
816436,1,Kanika Batra
14539,1,Brian Hanford
1469883,1,Aidana Topchubaeva
1160858,1,Sophie Olga de Jong
432946,1,Sytske Kok
4505,1,Guy Ritchie
195528,1,Jason Hehir
1172106,1,Galder Gaztelu-Urrutia
4909,1,Sergio Pablos
1994331,1,Ben Thursby
32586,1,Aaron Moorhead
32585,1,Justin Benson
310548,1,Danishka Esterhazy
53853,1,Johannes Roberts
40571,1,Scott Moore
18192,1,Jon Lucas
1283388,1,Mark Lewis
325957,1,Jonathan Entwistle
280661,1,Frant Gwo
230293,1,Vaughn Stein
100733,1,Kristoffer Nyholm
164378,1,Josephine Decker
1426427,1,Gaspar Antillo
265962,1,Marc Meyers
83479,1,J.C. Chandor
56334,1,Drew T. Pierce
1127397,1,Brett Pierce
5634,1,Charlie Kaufman
635124,1,Yun Seong-sik
1655527,1,Park Soo-won
23216,1,Olivier Assayas
63464,1,Akarsh Khurana
1056091,1,Sho Miyake
315143,1,Nikhil Mahajan
1736595,1,Peter Fison
1853495,1,Jo Harvey
1463117,1,Hannah Hoare
342224,1,Ingrid Kvale
842610,1,Bill Markham
1853534,1,Alex Minton
1050822,1,Mateo Willis
14239,1,Kris Pearn
119435,1,Albert Solé
56099,1,Vince Gilligan
276011,1,Bas Devos
236590,1,Ian Bonhôte
53996,1,Peter Ettedgui
594364,1,Christophe Wagner
1100212,1,Kang Chul Woo
648541,1,Remi Weekes
209870,1,Rebecca Harrell Tickell
288984,1,Joshua Tickell
54911,1,Alan Yang
88113,1,Travon Free
255554,1,Martin Desmond Roe
82859,1,Chris Butler
357930,1,Cosmo Segurson
93319,1,Joe Murray
191577,1,Kevin McManus
191578,1,Matthew McManus
1363391,1,Philippa Ehrlich
603796,1,James Reed
11146,1,Gavin Hood
83555,1,Kirsten Johnson
738431,1,LP
1133439,1,Yoo Jong-sun
123043,1,Cindy Chupack
172619,1,Tobi Baumann
104871,1,Chris Lilley
121492,1,Samuel Bodin
13853,1,Trish Sie
316884,1,Douglas Attal
20389,1,Koji Morimoto
20391,1,Michael Arias
414373,1,Junpei Mizusaki
741757,1,Masaru Matsumoto
1712824,1,Max Miller
1770076,1,Kanishk Varma
11209,1,Cláudio Torres
1554512,1,Cooper Karl
589304,1,Brad Anderson
59291,1,Jamie Babbit
324377,1,Otilia Portillo Padua
34770,1,Beyoncé
130050,1,Michael Scott
299475,1,Jarand Herdal
88513,1,Donick Cary
1658946,1,Måns Mårlind
7893,1,Dave Franco
25884,1,Greg Pritikin
2343215,1,Will Becher
1155537,1,Richard Phelan
297807,1,Lana Wilson
23221,1,Vincenzo Natali
5007,1,Lance Hool
288141,1,Alex Burunova
589737,1,Kim Cheol-kyu
256210,1,Albert Shin
4674,1,John Leguizamo
1132571,1,Sachin Yardi
140312,1,Carles Torras
40154,1,Robert Kenner
361464,1,Taki Oldham
22600,1,Jon Amiel
144332,1,Matthew Hastings
2023366,1,Norma Bailey
189429,1,Esmir Filho
187537,1,Juliana Rojas
1086922,1,Jeremiah Jones
22721,1,Lydia Dean Pilcher
69492,1,Atul Sabharwal
1282914,1,Matthew Killip
841435,1,Travis Scott
831119,1,White Trash Tyler
605280,1,Felix Binder
1086864,1,So Man-Chung
73757,1,Chris Robinson
43202,1,Jeff Chan
254359,1,Chaitanya Tamhane
168956,1,You Sun-dong
66506,1,Majid Al Ansari
47097,1,Reginald Hudlin
18865,1,Fernando Meirelles
1753274,1,Jesús Torres Torres
139962,1,Wouter Bouvijn
5306,1,David Dobkin
2111128,1,Kim ki ho
2110973,1,Lee jun woo
2111106,1,Yang jin hee
412172,1,Jhonen Vasquez
812300,1,Jenny Goldberg
1222965,1,Jake Wyatt
51818,1,Sam Hargrave
809169,1,Lee Chung-hyun
336641,1,Alex Stapleton
939796,1,Dallas Jackson
127297,1,Matt Eskandari
88834,1,David Pablos
1134094,1,Grant Sputore
171167,1,Xavier Durringer
156978,1,Giancarlo Sanchez
279492,1,Michiel ten Horn
895435,1,Vandana Kataria
20418,1,John Whitesell
255395,1,James Sweeney
35712,1,Olivier Marchal
128280,1,Junichi Sato
1844535,1,Tomotaka Shibayama
1989175,1,지뢰
1962929,1,김신영
64197,1,Alice Wu
750065,1,Sandeep Reddy Vanga
119781,1,Vicky Wight
1164424,1,Tim Noonan
51557,1,David Pastor
51559,1,Àlex Pastor
606531,1,Hayato Date
1656118,1,Jan-Peter Horns
287456,1,Mahmoud Kamel
16731,1,Craig Brewer
1435320,1,Jade Sandberg Wallis
1509187,1,Sue Kim
971813,1,Ulrike Kofler
34413,1,Gillian Robespierre
1911414,1,Emma Sullivan
337575,1,Lee Hyung-min
326715,1,Elisa Fuksas
2163,1,George Clooney
1980093,1,Ding ZiGuang
881504,1,Kim Yong-wan
49519,1,Martin Wood
1230671,1,Anissa Bonnefont
232942,1,Baek Sang-Hoon
45225,1,Dan Gilroy
262193,1,Trisha Ziff
1232873,1,Domenico Emanuele de Feudis
36618,1,Michael Dowse
257475,1,Chandra Liow
1195748,1,Pawo Choyning Dorji
39193,1,Alex Gibney
1420663,1,Jeon Chang-geun
1173334,1,Camille Shooshani
93629,1,Antonio Campos
11473,1,Terry Gilliam
61161,1,Jalil Lespert
160044,1,Louie Schwartzberg
1415526,1,Leslye Davis
1415023,1,Catrin Einhorn
10843,1,John Landis
667585,1,Taylor Morden
300417,1,Sam Feder
65541,1,Edoardo Ponti
1942169,1,Chin Jung Chang
108483,1,Laura Terruso
271112,1,Eric Notarnicola
1622332,1,Nam Geon
1182829,1,Ka-Lam Chan
446576,1,Steve Cheng
38631,1,Vlad Yudin
357641,1,Denis Rovira van Boekholt
60167,1,Jang Jae-hyun
1218540,1,Elise Duran
319878,1,Mika Ninagawa
50405,1,Keoni Waxman
2964,1,David Fincher
979709,1,Leila Sy
681165,1,Kery James
1575679,1,Kim Min-gyeong
1383561,1,Chris Bolan
185243,1,Aditya Vikram Sengupta
991826,1,Lee Sang-yeob
326685,1,Max McGuire
846853,1,Rachel Mason
2219991,1,Steven Rinella
427035,1,Adi Barash
427036,1,Ruthie Shatz
1239937,1,Victor Gatonye
201464,1,Michael Govier
589225,1,Will McCormack
14797,1,Michael Curtiz
88842,1,Jeremy Kagan
839165,1,Elisabeth Vogler
1008658,1,Geno McDermott
6050,1,Clint Eastwood
426760,1,Ruchi Narain
23219,1,Isabel Coixet
619995,1,Lee Myung-woo
65063,1,Jeff Margolis
1538978,1,Ángel Gómez Hernández
20576,1,Andrea Di Stefano
331092,1,Goran Kapetanović
16300,1,Natasha Lyonne
25504,1,Jeff Baena
239146,1,Eva Orner
906104,1,Alo Sarkar
529468,1,Francine Parker
41187,1,Joachim Fest
295415,1,Cüneyt Kaya
333164,1,Stuart Sender
4096,1,Spike Jonze
180215,1,Doug Shultz
1891,1,Clark Johnson
808171,1,Cristina Costantini
1179933,1,Kareem Tabsch
1340705,1,Cho Nam-guk
1682144,1,Suhail Tatari
2112097,1,Seralf Flares
114227,1,Jan Peter
160681,1,Georg Tschurtschenthaler
91394,1,Julien War
91393,1,Rémy Four
86520,1,Justin Baldoni
1754286,1,Han Hyun-hee
637480,1,Kang Il-soo
182854,1,Joe Robert Cole
347103,1,Kelly Duane de la Vega
227668,1,Nely Reguera
291719,1,Inma Torrente
30456,1,John R. Leonetti
216915,1,Prakash Mehra
67258,1,Bobby Kolli
148710,1,Vanessa Jopp
55184,1,Cory Edwards
119990,1,Pablo Agüero
253546,1,Lingo Hsieh
1363145,1,Yoshiyuki Okada
1439225,1,Takeru Nakajima
2407536,1,Seo Jae-ho
2358231,1,Jo Hyun-joo
79437,1,Bobby Moresco
232677,1,Igor Gotesman
140269,1,Marvin Kren
22234,1,Dean Craig
8030,1,Agam Darshi
297630,1,Francis Whately
1729834,1,Jan Belcl
1235112,1,Masahito Kobayashi
47749,1,Keith Scholey
1382446,1,Jonathan Hughes
35602,1,Alastair Fothergill
30820,1,Jim Mickle
258697,1,Al Campbell
1118042,1,Alice Mathias
19895,1,Ariel Schulman
19896,1,Henry Joost
342062,1,Tim Neeves
734964,1,Alexandre Laurent
958590,1,Srivinay Salian
898837,1,Abhijit Kokate
316403,1,Nicole Newnham
1273453,1,James Lebrecht
173881,1,Matthias Temmermans
270481,1,Bent-Jorgen Perlmutt
1610262,1,Radha Blank
64614,1,María Ripoll
827868,1,Asit Kumarr Modi
194071,1,Rodrigo Reyes
247479,1,Teng Huatao
158963,1,Rahul Ravindran
32023,1,Lee Jeong-beom
395972,1,Kepa Sojo
2085144,1,Yu Chung Chung
193726,1,Mark Verkerk
79326,1,Glen Keane
919023,1,Shelly Chopra Dhar
1836865,1,Sarah Noah
1785287,1,Joe Penney
2183993,1,Thilak
31677,1,Ben Wheatley
293069,1,Sudabeh Mortezai
117299,1,Julia von Heinz
912224,1,Sam Rega
242536,1,Karthik Kumar
85063,1,Semi Chellas
117114,1,Coodie Simmons
117115,1,Chike Ozah
1714680,1,AlexxMedia
1353965,1,Farah Nabulsi
1075010,1,Alex Dell
2021044,1,Marie Clements
1525678,1,Frank Nataf
17011,1,George Roy Hill
368513,1,Robby Grewal
15463,1,Kasi Lemmons
438849,1,DeMane Davis
2209009,1,Mitsuru Kuramoto
1141112,1,Mark Ritchie
2250329,1,Jenny Popplewell
248530,1,Jonathan Helpert
1115053,1,Dmitry Tyurin
690957,1,Rik Reinholdtsen
920146,1,Maggie Morgan
2058597,1,Abbas Yousefi
450613,1,Michelle Johnston
1246630,1,Yossi Bloch
1932652,1,Sayood
2100382,1,Chang Liu
976472,1,Hyrul Anuar
308306,1,Daniel Arasanz
1650232,1,James Tovell
36194,1,George Gallo
249163,1,Francesco Cinquemani
325626,1,Fernando Frias
1265288,1,Rosa Marquez
1265286,1,Marta Jaenes
147371,1,Marc Vigil
231874,1,Marco Bonfanti
282153,1,Mugambi Nthiga
269821,1,Sharon Shattuck
65375,1,Ian Cheney
307552,1,Bassam Tariq
63672,1,Shirish Kunder
240919,1,B. V. Nandini Reddy
129049,1,Rebecca Zlotowski
1322745,1,Sibusiso Khuzwayo
298839,1,Hao Wu
2093727,1,Dana Dorian
2093669,1,Yoo Seon Ju
254616,1,Luis Javier Henaine
318765,1,Michael Steiner
891246,1,Jessica Swale
1170914,1,Cho Il
116796,1,Mati Diop
1096009,1,Sarthak Dasgupta
276568,1,Miguel Cohan
1747322,1,Enah Johnscott
184684,1,Tatsushi Ōmori
16131,1,Aline Brosh McKenna
369588,1,Glen Goei
630039,1,Gavin Yap
79926,1,Kenya Barris
784933,1,Daniel H. Birman
1501841,1,Freddie Waters
2672359,1,Nathan Wiley
2041823,1,Noëlle Raffaele
364219,1,Lankyboy
49336,1,Hallvard Bræin
183257,1,Daniel Prochaska
84907,1,Prentice Penny
311742,1,Grant Singer
139643,1,Narendra Nath
299824,1,Sonam Nair
873354,1,Santiago Limón
240494,1,Katina Medina Mora
271008,1,Catalina Aguilar Mastretta
235810,1,Matteo Rovere
160413,1,Patrice Laliberté
161482,1,Randall Lobb
345439,1,Hikari
642677,1,K. Rajagopal
323082,1,Nathaniel Martello-White
67789,1,Shonali Bose
225117,1,Jan Komasa
13504,1,Mike Elliott
113202,1,Lee Kyoung-mi
2103311,1,장성
257491,1,Bartosz Prokopowicz
127699,1,Conor Allyn
33155,1,Detlev Buck
326781,1,Julien Abraham
760798,1,Kim Do-hyung
325297,1,Jérémy Clapin
1373795,1,Zhitang Hu
176086,1,Ladislas Chollat
331767,1,Picky Talarico
1537912,1,Rethabile Ramaphakela
1537798,1,Katleho Ramaphakela
881838,1,Nam Ki-hoon
13517,1,Joel Gallen
25042,1,Matthew Michael Carnahan
325878,1,Julia Knowles
293294,1,Gabriel Nicoli
1147388,1,Jesús Braceras
1555883,1,Richard van't Riet
1403146,1,José Larraza
1403149,1,Marc Pons
240118,1,Nicolas Pesce
280685,1,Jamie Payne
615165,1,Karim Amer
22243,1,Reinhard Klooss
177005,1,Sarah Spillane
1975449,1,Kim Tae-joon
47973,1,Jonas Åkerlund
376868,1,Sooni Taraporevala
1206894,1,Sophia Nahli Allison
860233,1,Jang Tae-yoo
1340996,1,Dennis Kailing
1166257,1,Takuma Sato
300128,1,Ramsey Nouah
1205586,1,Eric Cabello
255269,1,Ludovico Di Martino
783835,1,Prateek Vats
1631,1,Shalini Kantayya
331623,1,Alessandro Angulo
170954,1,Sandra Restrepo
190589,1,Neri Parenti
1125950,1,Richard Shepard
271436,1,Santiago Alvarado
1228195,1,Billy Lyons
1069099,1,Helena Coan
278401,1,Percival M. Intalan
259891,1,Maïmouna Doucouré
917985,1,Sharan Sharma
347301,1,Pass Pattanakumjon
1584278,1,Megumi Tsuno
279892,1,Andrés Clariond
146668,1,R. Parthiban
28178,1,Kunihiko Yuyama
25469,1,Motonori Sakakibara
317430,1,Alfonso Cortés-Cavanillas
40657,1,Gilles Marchand
37477,1,Dimitri Logothetis
1504442,1,David Chuang
1427892,1,Chen Kuan-chung
1635488,1,Alice Filippi
956213,1,Hiroshi Okuyama
191608,1,Matt D'Elia
363630,1,Madhumita
47005,1,Hirokazu Kore-eda
595201,1,Colette Camden
1312245,1,Moataz Hossam
352344,1,Wagner de Assis
158710,1,Stefano Lodovichi
1040660,1,Alauda Ruiz de Azua
1854149,1,Pepe Mora
1335121,1,Francesco Carnesecchi
157566,1,Sam Pollard
111694,1,Jesse Moss
1807691,1,Taiwo Egunjobi
1479856,1,Pablo González
271084,1,Camilo Salazar Prince
55776,1,Nicholaus Goossen
2146863,1,Ram Ally K
309801,1,Kristine Samuelson
279878,1,John Haptas
126482,1,Robert Markowitz
1234311,1,Linh Duong
1070162,1,Ángeles Reiné
169436,1,Oliver Kienle
226574,1,Trivikram Srinivas
1324702,1,Francesco Lettieri
1570112,1,Maradona Dias Dos Santos
256416,1,Chris Roland
255205,1,Simon Lupton
67688,1,Christopher Bird
132198,1,Larry Elikann
886669,1,Stefon Bristol
315163,1,Lasja Fauzia Susatyo
1018915,1,Kevin Johnson
2559125,1,Joel Kazuo Knoernschild
38939,1,Mike Gunther
91929,1,Samira Radsi
1269210,1,Raquel Castro
105250,1,Buzz Kulik
17494,1,Joe Mantello
17648,1,Gerardo Gatica
295036,1,Vicky Jewson
3238,1,Robert Zemeckis
64751,1,Sujoy Ghosh
723678,1,Manu Ashokan
62200,1,Sophon Sakdaphisit
1246186,1,Naman Nitin Mukesh
236762,1,Neal Wu
2201768,1,Fiona Woodman
812336,1,Robbie Countryman
1013576,1,Antonin Baudry
2266,1,Quentin Tarantino
14324,1,Dean Parisot
109568,1,Timothy Greenfield-Sanders
16650,1,David Benioff
32456,1,D.B. Weiss
194899,1,Marco Pontecorvo
137192,1,J. Patrick Arbeiter
1424733,1,Estevan Oriol
1035130,1,Pia Sukanya
226220,1,Ed Perkins
12423,1,Cameron Crowe
298758,1,Donnie Lai Cheun-Yu
867990,1,Denis Do
889093,1,Francisco D'Eufemia
52728,1,Francesca Gregorini
209171,1,Geeta Patel
1916,1,Tony Goldwyn
800926,1,Lucy Tcherniak
1062894,1,Swapnaneel Jayakar
1070479,1,Sabina Fedeli
1145945,1,Anna Migotto
778612,1,Ciarán Foy
1356698,1,Marta Sousa Ribeiro
309899,1,Che Sandoval
1205071,1,Kwabena Gyansah
21536,1,Roger Michell
661415,1,Hayden Guppy
891482,1,Tomas L. Brickhill
150695,1,Margarida Gil
6591,1,Sam Raimi
344364,1,Ajay Bhuyan
1077744,1,Oliver Bokelberg
653831,1,Mikhil Musale
65374,1,Kevin Bray
1384645,1,Stephina Zwane
883868,1,Jos Humphrey
800277,1,Kenny Park
1491511,1,Florian Ordonez
1285682,1,Olivio Ordonez
163031,1,Ayumu Watanabe
18181,1,Jim Gillespie
812503,1,Tetsuo Yajima
1320404,1,Carlos Morett
926410,1,Raju Saravanan
1501859,1,Ahn Byoung-wook
184159,1,Leslie Woodhead
115792,1,Yasunao Aoki
118978,1,Hannu Salonen
1240211,1,Debamitra Biswal
866604,1,Tunde Apalowo
1662257,1,Kiran Kondamadugula
1430333,1,Alejandro De Grazia
671379,1,Stéphane de Freitas
200167,1,Masashi Ikeda
148741,1,Alberto Lecchi
39532,1,Miranda de Pencier
360564,1,Martín Sastre
369224,1,Juan Camilo Pinzón
860860,1,Yasser Al Yasseri
2109583,1,Wu Qiang
20203,1,Jean-Jacques Annaud
30307,1,Ted Demme
139152,1,Thiagarajan Kumararaja
170280,1,Kazuya Tsurumaki
58278,1,Howard Zieff
27732,1,Jeremy Degruson
634269,1,Rana Eid
5024,1,Maïwenn
315923,1,Sammaria Simanjuntak
2547422,1,Zhang Xiao An
2741785,1,Shi Yi Yue
251092,1,James Moll
94658,1,Mike Hodges
300832,1,Stefan Westerwelle
286460,1,Patricia Font
1020214,1,Alex Parkinson
1020212,1,Richard Da Costa
589555,1,Tanvir Ahsan
1119514,1,Saleh Sobhan Auneem
1119512,1,Mir Mokarram Hossain
1119513,1,Golam Kibria
1119510,1,Abdullah Al Noor
1119501,1,Robiul Alam Robi
1119509,1,Krishnendu Chattopadhyay
1119504,1,Nuhash Humayun
1119500,1,Mahmudul Islam
1119508,1,Rahat Rahman
1119505,1,Syed Ahmed Shawki
18526,1,James Mangold
1276495,1,Kittiphak Thongauam
1030550,1,Phil Burgers
7275,1,Chiwetel Ejiofor
2542017,1,Eylem Kaftan
1591505,1,Pailin Wedel
1381525,1,Sue Ding
391988,1,Almudena Carracedo
391989,1,Robert Bahar
7268,1,Tom Shadyac
595438,1,Rima Das
163420,1,Rachel Lears
1746681,1,Frank E. Abney III
414974,1,Phil Bertelsen
170279,1,Masayuki
2000216,1,Hwang Joon-Hyuk
170547,1,Ramesh Sippy
595551,1,Herman Yau
340013,1,Tomer Eshed
371210,1,David Moreton
206162,1,Angus MacQueen
44706,1,Chris Nelson
1216826,1,Salvador Espinosa
451452,1,Bruno Stagnaro
139325,1,David Galán Galindo
279363,1,Bernardo Arellano
1964270,1,박소연
265990,1,Luis Ara
1269937,1,Ignacio Jaunsolo
1228992,1,Udai Singh Pawar
1046901,1,Michael Lockshin
2564,1,Brie Larson
218570,1,Haile Gerima
25178,1,Les Mayfield
1097792,1,Alaa Eddine Aljem
87510,1,Gideon Raff
104516,1,Kundan Shah
1378617,1,Francisco Macri
296068,1,Marcelo Piñeyro
319856,1,Francesco Amato
46591,1,Emir Kusturica
1308573,1,Akira Saitoh
258373,1,Sergio Cabrera
281903,1,Daniel Chan Yee-Heng
459386,1,Praveen Nischol
1197699,1,Adekunle Nodash Adejuyigbe
230679,1,Sydney Sibilia
65673,1,Sohail Khan
1230993,1,Latif Faizav
200534,1,Ashwin Saravanan
193222,1,Akhil Paul
1350403,1,Anas Khan
1119518,1,Jonathan Augustin
400986,1,Bunty Soorma
826404,1,Huang Hsin-Yao
406097,1,Gitanjali Rao
418088,1,Aruna Raje
916239,1,Mauro Scandolari
254080,1,Pedring Lopez
969882,1,Frank Ariza
296413,1,Chia-Lin Chu
149376,1,Richard Michaels
1774203,1,Ravi L. Bharwani
209282,1,Royer Young
1145325,1,Raj Rachakonda
160651,1,Sharmeen Obaid-Chinoy
201954,1,Karzan Kader
2779,1,Steven Spielberg
1651910,1,V. Vignarajan
889382,1,Jastis Arimba
1725,1,Christopher Nolan
69060,1,Louise Alston
1147458,1,Mike Diva
220193,1,Henri Wong
595540,1,Nicholas Kharkongor
1105471,1,Mangesh Kanthale
1505492,1,Kuang-Hui Liu
4063,1,Ang Lee
144400,1,Peter Tsi
202101,1,Justin Webster
104987,1,Girish Malik
123176,1,Alejandro Fernández Almendras
1560830,1,Hana Al Omair
161211,1,Brian Skiba
68494,1,Javier Colinas
1509670,1,Weica Wang
1625314,1,Michael McKay
1752,1,Frank Darabont
844210,1,Debbie Rao
28334,1,Mike Nichols
1253353,1,Hamad AlSarraf
322278,1,Pepe Bojórquez
195918,1,Yoon Sung-hyun
1279205,1,Kevin Wotton
64959,1,Steve Antin
158298,1,Prime Cruz
59828,1,Luis Alfaro
1390367,1,Pablo Lejarreta
1353570,1,Lester Hsi
7059,1,David Koepp
61363,1,Guo Jingming
1063231,1,Xu Heshen
828429,1,Venky Kudumula
271238,1,Kranthi Madhav
993148,1,Aijaz Khan
36471,1,Rachel Talalay
1307675,1,Brent Dawes
1068809,1,Sitisiri Mongkolsiri
719168,1,Faraday Okoro
157714,1,Rae Red
1148421,1,KVR Mahendra
2132536,1,Mimi Maynard
104099,1,Nina Wels
1066844,1,Andrea Deppert
169761,1,Regina Welker
1246,1,Brian Helgeland
69215,1,Chris Perkel
1713682,1,Timothy Ware-Hill
1327664,1,Arnon Manor
1617409,1,Terrie Samundra
427472,1,Anita Udeep
1147784,1,Archie Hekagery
1290996,1,Sneha Taurani
1484930,1,Pablo Aulita
1978797,1,주둥닝
1679947,1,William Stead
1308711,1,Shen Qinyuan
57065,1,Carlos Sorín
9972,1,Len Wiseman
13050,1,Franziska Meyer Price
1628439,1,Akshay Shankar
1628577,1,Pavitra Chalam
135115,1,Jean-Xavier de Lestrade
280344,1,Sanjay Rawal
26380,1,Grand Corps Malade
5857,1,Stephen Sommers
1734052,1,Steve Evangelatos
1338460,1,Peerapol Kirdjareun
27506,1,Sam Fell
1020613,1,Abhijit Panse
1561765,1,Josiah Ng
1466773,1,Apurva Dhar Badgaiyann
315802,1,Thierry Gautier
347715,1,Sylvain LEDUC
1793832,1,Saron Sakina
12424,1,James L. Brooks
7328,1,Fab 5 Freddy
285459,1,Sơn Tùng M-TP
378065,1,Lior Geller
285642,1,Sujeeth
25943,1,Lorna Cook
8192,1,James D. Stern
12676,1,Fernando Villena
344390,1,Alankrita Shrivastava
1294333,1,Anoop Sathyan
1968580,1,Qi Xiaohui
1170006,1,Olivier Afonso
700186,1,Yandy Laurens
238046,1,Yuki Yamato
240883,1,Salvador Calvo
275382,1,Han Han
1329183,1,Alex Minton
676501,1,TT the Artist
804925,1,Uraaz Bahl
804932,1,Shaana Levy
1255999,1,Angshuman Ghosh
22879,1,Kelly Asbury
25210,1,Anand Tucker
1224698,1,Basava Shankar
643513,1,Lucas Santa Ana
1116246,1,Andres Feddersen
228803,1,Santha Kumar
38423,1,Michael Apted
363906,1,Shirley Frimpong-Manso
229014,1,Chakri Toleti
1480,1,Mark Neveldine
11709,1,Steve Bencich
84945,1,Michael Duggan
1194860,1,Wang Ding-Lin
66690,1,Jose Mari Goenaga
49610,1,Erik White
1255988,1,Camila Ibarra
1140351,1,Raúl Caballero
1255672,1,Agustin Ortiz
12675,1,Brian Taylor
1937456,1,Erik Kling
638035,1,Son Jung-Hyun
19611,1,Alexander Witt
167243,1,Kate Miles Melville
420676,1,Jeff Deverett
87950,1,Kirk Wise
706537,1,Sabrina Rochelle Kalangie
106283,1,Andrew Duncan
1553173,1,Ken Cunningham
85863,1,Mariana Chenillo
225138,1,Chad Eikhoff
1382874,1,Johnny Belt
1784470,1,Jack C. Thomas
169580,1,Mysskin
1087973,1,Sophie Lanfear
2045848,1,Ilaira Mallalieu
731626,1,Hugh Pearson
2733714,1,Gisle Sverdrup
1360859,1,Joseph Chen-Chieh Hsu
1233397,1,Gianluca Leuzzi
200401,1,Marina Seresesky
85751,1,Darragh O’Connell
1093450,1,Jun Ki Sang
277708,1,Takuya Igarashi
231628,1,Mick Grogan
48975,1,Jonas Elmer
157893,1,Cisco Henson
1385287,1,Tadahisa Fujimura
43859,1,Katsuyuki Motohiro
277224,1,Marwan Hamed
159472,1,Brett Hedlund
297763,1,Leticia Jorge
1264101,1,Gil Baroni
304265,1,Neeraj Udhwani
1034382,1,Franck Phelizon
167332,1,Isabel Sandoval
1953944,1,Amanda Raymond
1387587,1,Milton Horowitz
171186,1,Ezel Akay
1081821,1,Jorge M. Fontana
1583996,1,Salva Romero
1232098,1,Arati Kadav
1752479,1,Byeon Hee-sun
813564,1,Otoja Abit
1339585,1,Faris Godus
323409,1,Yin-jung Chen
280220,1,Jérome Mouscadet
701298,1,Todd Grimes
904053,1,Tuğçe Soysop
191389,1,Gustavo Ron
322513,1,Shunsuke Kariyama
1327983,1,Kathryn Fasegha
248003,1,Mohammad Irfan Ramly
1506182,1,August Jakobsson
176791,1,Yoruba Richen
1224103,1,Emcy Joseph
31791,1,Vidhu Vinod Chopra
596816,1,Rudge Campos
596815,1,Júnior Carelli
242559,1,Naya Anindita
2648862,1,Joana Mazzucchelli
92978,1,Stephanie Turner
25878,1,Steve Carr
16172,1,Woody Allen
1185490,1,Tanawat Aiemjinda
305436,1,Richard Arellano
1554688,1,Shamzu Zayba
754438,1,Jean-François Blais
1272497,1,Vinay Bharadwaj
293189,1,Nero Ng
1381783,1,Marlene Melchior
1314218,1,Navjot Gulati
1991180,1,Sujoi Karampuri
1991017,1,Sushil Karampuri
102953,1,Santosh Sivan
1676833,1,Christi Cooper
321916,1,Juan Carlos Rulfo
10268,1,Atom Egoyan
690875,1,Jon Rudberg
141099,1,David Batra
309893,1,Kevan Otto
1230108,1,Ertanto Robby Soediskam
1716544,1,Jenn Rogan
640067,1,Farishad Latjuba
1273927,1,Athiyan Athirai
1717859,1,Toby Parkinson
242209,1,Vijay Kumar
154182,1,Hatem Ali
1707389,1,Abir Sengupta
14034,1,Lasse Hallström
875402,1,Karthik Venugopalan
1255724,1,Samit Basu
5665,1,Conrad Vernon
180447,1,Mark Thornton
378686,1,Li Wen Qi
1448328,1,Safdar rahman
1289666,1,Othman Abu Laban
1748876,1,Ramiro Martinez
5231,1,Louis C.K.
1260333,1,Gagan Puri
1154847,1,Harold Harris
55849,1,Eric Bross
906722,1,Mohan Babu Bammidi
1165542,1,Shubham Singh
1609470,1,Nachiket Samant
212508,1,Bashir El Deek
633412,1,Nibal Arakji
328821,1,Moataz El Tony
235420,1,Derick Cabrido
1381967,1,Hany Alshaibany
988644,1,Oluseyi Asurf
1171252,1,Firas Khoury
316466,1,Vijay Kumar Arora
776231,1,Renata Terra
1539288,1,Mark Thornton
1496820,1,Akhigbe Ilozobhie
1179277,1,Lina Al Abed
10211,1,Mahesh Manjrekar
21932,1,Alan Mak
2473186,1,Ifeanyi Ikpoenyi
1857456,1,Muhammad Ali
1187222,1,Kumaran
2334062,1,Joey So
673171,1,Dianna Basso
1339472,1,Fernando Eimbcke
1387590,1,Anand Ravichandran
1362086,1,Chandu Muddu
247054,1,Pankaj Batra
254006,1,Ali Yorgancıoğlu
320898,1,Ahmed ElBadry
1850450,1,Marwan Nabil
1909087,1,Samuel Olatunji
1279135,1,Elsa Flores Almaraz
109273,1,Richard Montoya
1618383,1,Arpan Sarkar
1618245,1,Shyamal Chaulia
266658,1,Makarand Mane
1326763,1,Mostafa Abou Seif
1321577,1,Juani Libonatti
2378358,1,Yannick Leif
1023591,1,Udoka Oyeka
2088374,1,Adeola Osunkojo
1975912,1,Tolulope Itegboje
38960,1,Soi Cheang
141172,1,Alaa Morsi
1084151,1,Christian Watt
91930,1,Edward Berger
8189,1,Rian Johnson
20627,1,David Leitch
946916,1,John Patton Ford
9812,1,Christopher Landon
589353,1,Scott Cooper
309988,1,Mark Gustafson
20958,1,Josh Gordon
20959,1,Will Speck
1960592,1,장시원
11540,1,Andrew Dominik
2311,1,Kyle Balda
51095,1,Erik Skjoldbjærg
1663,1,Alejandro González Iñárritu
6779,1,Chris Williams
28806,1,Joe Russo
28805,1,Anthony Russo
2430912,1,Jessica M. Thompson
1092,1,Adam McKay
20680,1,Matthew Warchus
7730,1,Daniel Espinosa
4073,1,Jonah Hill
13287,1,Tobias Lindholm
1627624,1,Cho Young-min
7198,1,Garth Jennings
59488,1,Paul Leyden
414265,1,Pierre Perifel
31231,1,Jane Campion
77818,1,Thomas M. Wright
2585709,1,Kartiki Gonsalves
2330512,1,Rosalind Ross
2141949,1,Kim Jae-won
2740443,1,Kim Na-hyun
274954,1,JQ Lee
2106701,1,Kim Nam-soo
190251,1,Eiichiro Hasumi
13192,1,Nicolai Rohde
52780,1,Stig Svendsen
2168627,1,Anne Alvergue
1491193,1,Debra McClutchy
146832,1,Michael Drumm
200245,1,Mert Baykal
506793,1,Drew Takahashi
1402432,1,Jon Halperin
2554402,1,Kim Moon Kyo
106617,1,Janeen Damian
19466,1,Roar Uthaug
128103,1,Neeraj Vora
1339263,1,Kalina Alabrudzińska
1041779,1,Lonzo Nzekwe
278855,1,Gabriel Martins
23552,1,Charles Shyer
29937,1,Laure de Clermont-Tonnerre
1281283,1,Anirudh Iyer
205483,1,Anna Foerster
527409,1,Stephen Donnelly
368023,1,Wanuri Kahiu
2653060,1,Sara Mast
605448,1,Lee Dong-yoon
166174,1,Bradley Jackson
237615,1,Daniel Gordon
728932,1,Laura Caballero
728931,1,Alberto Caballero
45642,1,Bryan Storkel
343479,1,Amy Bandlien Storkel
75866,1,Andy Fetscher
2304365,1,Laura Murphy
31405,1,Michael Lehmann
12216,1,Paul Feig
111066,1,Dayna Goldfine
412740,1,Daniel Geller
170528,1,Sarah Gibson
199154,1,Sloane Klevin
2012522,1,Jan Holoubek
829195,1,Bartłomiej Ignaciuk
34923,1,J.J. Perry
920024,1,Jamie Crawford
31941,1,John Madden
317362,1,Sally El Hosaini
16778,1,Henry Selick
1402954,1,Grace McNally
162666,1,Petersen Vargas
2491755,1,Ryan Duffy
819928,1,Choi Hang-yong
7639,1,Barry Sonnenfeld
103822,1,Nick Rosen
387166,1,Peter Mortimer
601875,1,Mathieu Mortelmans
230357,1,Bilall Fallah
230356,1,Adil El Arbi
68633,1,Joshua Rofé
26133,1,Kim Gatewood
29887,1,Matt Thompson
337742,1,Satyajit Bhatkal
719068,1,Brian Goodman
1013639,1,Minkie Spiro
19394,1,Elizabeth Allen Rosenbaum
86707,1,Tim Kirkby
204172,1,John Dower
90830,1,Maggie Kiley
81490,1,Rebecca Rodriguez
629704,1,Rishab Shetty
684624,1,Jaspal Singh Sandhu
209426,1,Rajeev Barnwal
143386,1,Toby Meakins
139896,1,Jon Weinbach
671210,1,Kim Jin-woo
1636595,1,Daniel Kinnane
329835,1,Charles Kinnane
195866,1,Ng Yuen-fai
124506,1,Roni Ezra
211597,1,Roh Deok
307051,1,Ignacio Tatay
274707,1,Cosimo Gomez
8905,1,Rawson Marshall Thurber
1243436,1,Andy Mitchell
604917,1,Hiromi Kamata
10195,1,Richard Linklater
44207,1,Yoon Jong-bin
125483,1,Tetsuro Araki
16681,1,Jean-Pierre Jeunet
715852,1,Laura Mora
60139,1,Munehisa Sakai
78984,1,Daniel Benmayor
444622,1,Hervé Hadmar
1172833,1,Martin Sofiedal
69586,1,Millicent Shelton
2462869,1,Ayesha Sood
2331571,1,Lucie Jourdan
313979,1,Charlie Russell
2428471,1,Antoine Tassin
1000861,1,Tadeusz Śliwa
116922,1,Lin-Manuel Miranda
937765,1,Sashi Kiran Tikka
7107,1,Theodore Melfi
127942,1,Abbas Tyrewala
47697,1,Ron Yuan
237388,1,Anna van der Heide
1949195,1,Chris Appelhans
977480,1,Kwon Seok-jang
2151536,1,Fletcher Moules
14135,1,Kirk DeMicco
1543844,1,Hidenori Inoue
275460,1,Blair Foster
940889,1,Ricky Staub
6950,1,Patrick Hughes
1915443,1,Fred Wolmarans
1247961,1,Gareth Crocker
239430,1,Michiel van Erp
287164,1,Iris K. Shim
1375617,1,Jack Clough
225490,1,Josh Ruben
384278,1,Jung Byung-gil
2809,1,Halle Berry
239297,1,David Terry Fine
107093,1,Barbara Topsøe-Rothenborg
840720,1,Mitsuo Iso
420959,1,Eduardo Pinto
161739,1,Fajar Nugros
1253728,1,Paolo Strippoli
1108555,1,Roberto De Feo
2008499,1,Darin J. Sallam
601530,1,Marcel Mettelsiefen
2495670,1,Tamana Ayazi
280308,1,Kim Tae-yun
1851334,1,Mariano Ardanaz
175624,1,Lee Cheol-ha
139506,1,Michael Rianda
1566353,1,David Blue Garcia
1104662,1,Catarina Vasconcelos
31968,1,Bradley Parker
24486,1,Norm Macdonald
1514464,1,Diego Freitas
192030,1,Santiago Menghini
782195,1,"Kevin Wilson, Jr."
145678,1,Elvis Mitchell
271970,1,Julien Despaux
272971,1,Émilie Noblet
16133,1,Michael Mayer
53069,1,Nora Twomey
311166,1,Barbara Ott
250298,1,Augustine Frizzell
1822538,1,Maribel Sánchez-Maroto
61110,1,Mark Alazraki
119606,1,Gracie Otto
1811514,1,Adam Murfet
1811513,1,Jessie Oldfield
1442527,1,Neil Sharma
2582552,1,Lee Jung
404649,1,Michel Kammoun
188073,1,Marek Lechki
281718,1,Anna Kazejak
460291,1,Julia Kolberger
1079085,1,Pradeep Ranganathan
54628,1,Andrew Rossi
317057,1,Takeyoshi Yamamoto
989200,1,Murao Yoshiaki
67900,1,Peter Flinth
229427,1,Bassel Ghandour
43966,1,Elizabeth Chai Vasarhelyi
43964,1,Jimmy Chin
14369,1,Tom Dey
395031,1,Annemarie van de Mond
336944,1,Emma Cooper
288723,1,Hanns-Bruno Kammertöns
1547788,1,Vanessa Nöcker
809946,1,Michael Wech
885769,1,Torquil Jones
43538,1,Mary Lambert
72763,1,Alberto de Toro
820497,1,Tim Travers Hawkins
58785,1,Kim Farrant
118473,1,Charlotte Brändström
7900,1,Louis Leterrier
938727,1,Nicola Prosatore
722290,1,Ingo Becker
171344,1,Hiroyasu Ishida
1192903,1,Yoo Seon Dong
209195,1,Maiken Baird
258232,1,Just Philippot
25482,1,J Blakeson
7546,1,Patton Oswalt
239348,1,Bhav Dhulia
356788,1,Jorge Coira
204821,1,Carrie Cracknell
2328518,1,Elías León Siminiani
1348916,1,Rodrigo Astiz
2297297,1,Nikolas Fonseca
2298293,1,Daniel Billio
197465,1,Marçal Forés
15060,1,Maggie Gyllenhaal
93015,1,Mitch Schauer
211173,1,Paco León
1537241,1,Jesse Harris
74264,1,Gerardo Naranjo
350631,1,Adam Berg
1562168,1,Michael Lewen
143208,1,Miguel Alexandre
655589,1,Rikki Hughes
1061265,1,Júlia Pacheco Jordão
1804098,1,Luis Carone
1491169,1,Anubhuti Kashyap
64704,1,Billy Corben
751159,1,Liliana Bocanegra
200008,1,Alejandro Bazzano
2629852,1,Sasha Politoff
1907248,1,Humberto Miró
28379,1,Roel Reiné
945933,1,Sofia Alvarez
426770,1,Ryôsuke Fukuda
253158,1,Deniz Yorulmazer
802151,1,Balwinder Singh Janjua
38267,1,Linda Goldstein Knowlton
2754378,1,Geoff Blackwell
191646,1,Rafa Martínez
206666,1,Andres Beltran
2140408,1,Kristine Stolakis
113449,1,Alex Hardcastle
91392,1,David Charhon
48795,1,Sam Levinson
2144584,1,Patricia Tourancheau
39125,1,Mona Achache
2208804,1,Jorge Edelstein
1994104,1,Tima Shomali
649537,1,Yin Tao
208594,1,Feng Kai
1959810,1,La Ha-na
94424,1,Jorge Dorado
74986,1,Carles Torrens
53952,1,Sanjay Leela Bhansali
80234,1,Katt Shea
241246,1,Bill Benz
62308,1,Tim Fehlbaum
158157,1,Nils Willbrandt
891012,1,Iliana Sosa
1845995,1,Ali Tabrizi
1297373,1,Lizzie Kempton
1488419,1,Miles Blayden-Ryall
209169,1,Mohamed Diab
1602269,1,Alex Kiehl
2141896,1,Georgina Cammalleri
785460,1,James House
974023,1,Park Seon-ho
147488,1,Kornél Mundruczó
310217,1,Jesús Font
201382,1,Alessandro Genovesi
76718,1,David Yarovesky
347277,1,Leszek Dawid
185147,1,Paris Dylan
1334725,1,Prashanth Venkataramanujam
1921254,1,Matthew Reilly
162795,1,Hicham Lasri
304445,1,Kaouther Ben Hania
470385,1,Khairy Beshara
687331,1,Amira Diab
2448181,1,Abdulmohsen Aldhabaan
2018712,1,Aleksandra Kułakowska
1001912,1,Maciej Prykowski
113340,1,Christopher Alender
373404,1,Palnati Surya Pratap
1528942,1,Yohei Miyazaki
30991,1,Ole Bornedal
303940,1,Chai Yee Wei
1006812,1,Sean Masterson
174212,1,Tony Tilse
296037,1,Jeymes Samuel
1044859,1,Karishma Kohli
68544,1,Roger Ross Williams
631965,1,Oleg Trofim
160223,1,Maurice Trouwborst
253204,1,Andrea Jublin
593002,1,Peter Sollett
732045,1,Fredrick Munk
847095,1,Christy Wegener
1287699,1,Felicity Morris
1753026,1,Lee Hyun-seok
11705,1,Roger Allers
335849,1,Rotem Shamir
1400596,1,Neasa Hardiman
105948,1,Alain Darborg
67689,1,Joss Crowley
1983945,1,Han Kwang-il
11706,1,Jill Culton
1066062,1,"Mandlakayise Walter Dube, Jr."
1820411,1,Stephen Scott
30395,1,Philip Koch
140611,1,Florian Baxmeyer
61013,1,Aamir Khan
1089897,1,Seo Joo-wan
15611,1,Paolo Sorrentino
81411,1,Derek Drymon
236359,1,Bruno Chauffard
71356,1,James Ashcroft
995111,1,Jude Weng
67792,1,Madhur Bhandarkar
63375,1,Nikkhil Advani
1899527,1,Fansu Njie
190718,1,Hilal Saral
1518759,1,Radha Krishna Kumar
49431,1,Navot Papushado
371577,1,Emre Akay
260608,1,Tània Balló
700992,1,Manjari Makijany
243574,1,Wregas Bhanuteja
1494718,1,If Chen
97045,1,Rick Jacobson
675713,1,Patrick Imbert
2568594,1,Fabian Medea
233719,1,Anna Elizabeth James
726422,1,Tom Lenaerts
2671409,1,Brecht Vanhoenacker
433041,1,Mike Connolly
2132316,1,Vinay Waikul
722576,1,Yvann Yagchi
1739542,1,Dominic Sivyer
644799,1,Lee Na-jeong
1966102,1,오승열
2668647,1,Hong Moon-Pyo
1043502,1,Rob Sixsmith
162291,1,Daniel Vernon
1096294,1,Leandro Neri
55667,1,Ramin Bahrani
2362472,1,Óscar Pedraza
1217184,1,Han Dong-hwa
177465,1,Bruce Goodison
2295321,1,Amit Sharma
2106710,1,No Jung-wook
1261207,1,Mikey Please
1261229,1,Daniel Ojari
1082683,1,David Charles Rodrigues
42159,1,Philippe Martinez
44948,1,Mick Davis
252950,1,Navdeep Singh
1321,1,Matthew O'Callaghan
13947,1,Harald Zwart
21933,1,Felix Chong
186757,1,Praveen Sattaru
4485,1,Ben Falcone
1830424,1,Ihtzi Hurtado
32409,1,Claudia Llosa
196352,1,Michael Harte
1713592,1,Derek DelGaudio
26285,1,Peter Thorwarth
10710,1,Peter Winther
17713,1,Alexandre Aja
1513600,1,Leah Artwick
2610703,1,Eric Elrod
1601723,1,Michael Mullen
272856,1,Reinaldo Marcus Green
1744707,1,Mark Lo
41959,1,Matthias Schweighöfer
188218,1,Chineze Anyaene
187147,1,Christian Charles
47871,1,Robert Greene
5606,1,Zack Snyder
68457,1,Stefano Cipani
749709,1,Kim Joung-hoon
228262,1,Julio Quintana
10822,1,Paul Weitz
1427086,1,Sean Doherty
1702269,1,Ruben Vandenborre
840825,1,Ian Derry
2416364,1,Kittichai Wanprasert
270547,1,Fabien Martorell
1751,1,Cedric Nicolas-Troyan
86236,1,Adam Salky
977458,1,Andy Suriano
115877,1,Ant Ward
1374939,1,Ashley Eakin
157010,1,Cecilia Verheyden
120670,1,Matthew Ogens
1122542,1,Kim Tae-hyoung
167148,1,Andrew Dosunmu
1069117,1,SK Dale
1040756,1,Jakub Piątek
767791,1,Hernán Jiménez
1783420,1,Vivek Thomas Varghese
12484,1,Mikael Håfström
41918,1,Dani Levy
185619,1,Anthony Mandler
68175,1,Prakash Jha
1803912,1,Max Jabs
53851,1,Ernest Riera
2130096,1,Luis Ansorena Hervés
48529,1,Stephanie Soechtig
1558,1,David Benullo
648166,1,Mounia Akl
172325,1,Mohan Raja
8226,1,Rebecca Hall
314759,1,Stan Griffin
182741,1,Jin Hyuk
1120300,1,Zhang Chong
355748,1,Cho Li
2056187,1,Martina Pastori
2004527,1,Eva Müller
2115420,1,Kim Yoon Jin
363792,1,Adam Geiger
293137,1,Colin Barnicle
156925,1,Valerie Weiss
2251936,1,Sarah Kunstler
1869126,1,Emily Kunstler
677566,1,Philippe Asmar
100785,1,Simon Stone
596806,1,Eliza Capai
136155,1,Shaji Kailas
724276,1,Türkan Derya
925892,1,Jonathon Link
171702,1,José Alvarenga Jr.
85995,1,Maya Newell
702516,1,Mehdi Avaz
106520,1,Aku Louhimies
591352,1,Matthijs van Heijningen Jr.
229056,1,Elisa Miller
66825,1,Kookie Gulati
234346,1,Ariel Winograd
124464,1,Donovan Marsh
2416926,1,Fiyin Gambo
2698410,1,Yemi Morafa
747464,1,Can Ulkay
179936,1,Adrián Caetano
1668242,1,Alanna Brown
2614840,1,Kylie Stott
1176157,1,Bang Woo-ri
21953,1,Jaume Balagueró
2540610,1,Lucy Blakstad
103222,1,Ayan Mukerji
178176,1,Kitao Sakurai
111433,1,Magnus Martens
49746,1,Sujata Day
85931,1,Matt Engstrom
2011838,1,Christo Stamboliev
330595,1,Teng Bee
139655,1,Sebastián De Caro
235113,1,Luke Sparke
388815,1,Joost Wynant
1026671,1,Alex Cabral
954232,1,Andrew Baird
252020,1,Mor Loushy
257864,1,Özcan Alper
938496,1,Elizabeth Mirzaei
938498,1,Gulistan Mirzaei
805768,1,Tamer Mohsen
274373,1,Mike Hostench
214799,1,Mariem Pérez Riera
1621654,1,Valve Company
725612,1,Ham Seung-hoon
1717996,1,Jang Young-woo
2312500,1,Katarzyna Szyngiera
170511,1,Jo Koy
1009136,1,Andrea De Sica
2044574,1,Tyler Greco
10050,1,Jonathan Hensleigh
242963,1,Marco S. Puccioni
646068,1,Simone Godano
170999,1,Wisit Sasanatieng
393019,1,Anwardi Jamil
122833,1,Frank Bellocq
324589,1,Stephan Zlotescu
829271,1,Vivek Athreya
1016522,1,Venu Udugula
149138,1,Ryuichi Hiroki
66591,1,Ilinca Calugareanu
236838,1,Michèle Ohayon
242191,1,Domini Hofmann
1074748,1,Andrew Amondson
1196149,1,Pailin Wedel
1043241,1,Nicola Marsh
817081,1,Giovanni Reda
828322,1,Valerie Bisscheroux
24946,1,Shari Springer Berman
24947,1,Robert Pulcini
358009,1,Vishwesh Krishnamoorthy
97556,1,Michał Rogalski
112496,1,Emily Ting
1935383,1,Eddie Sternberg
763556,1,Andrew L. Schmidt
398269,1,Francisco Ruiz Velasco
761991,1,Johane Matte
250754,1,Alessio Maria Federici
949851,1,Alexandre Moratto
22707,1,Paul Weiland
95760,1,Emmett Malloy
1066887,1,Yoo Je-won
602905,1,Asaf Sudry
602906,1,Tali Shemesh
773077,1,Robert Cullen
384925,1,Peter Galison
1258653,1,Riccardo Antonaroli
973379,1,Lee Jung-heum
255218,1,Ferdinando Cito Filomarino
2099198,1,Brian Andrew Mendoza
1859534,1,Johanna Nordström
230687,1,R. Rathindran Prasad
718602,1,Marcus A. Clarke
2216307,1,Mohamed Hisham Al Rashidi
22443,1,Takashi Shimizu
366556,1,Dominique Monfery
2257001,1,Rahul Nair
160831,1,Kim Seong-hun
69221,1,Yulene Olaizola
146631,1,Helena Bergström
246997,1,Tatiana Huezo
265393,1,Basil Joseph
2238904,1,Cyprian T. Olencki
603702,1,Dave McCary
1935314,1,Davide Gambino
599873,1,Jasmeet K Reen
1814647,1,Christine Luby
781400,1,Steve Yamamoto
1971545,1,Kim Jung-min
61099,1,Debbie Isitt
2032827,1,Kim Sang-ho
180171,1,Park Hyun-jin
61615,1,Pa. Ranjith
1511408,1,Baek Seung-ryong
41199,1,Felix Fuchssteiner
41200,1,Katharina Schöde
319330,1,Moon Hyun-sung
59658,1,Jo Sung-hee
25777,1,Laurent Lafitte
101716,1,James Erskine
1750367,1,Steve Cox
234353,1,Ram Madhvani
947380,1,Ted Emery
67186,1,Jerry Rothwell
383301,1,Na Hyun
21288,1,Park Hoon-jung
591491,1,Nadège Loiseau
801018,1,Rudy Valdez
162359,1,Rodrigo Sepúlveda
1909214,1,Jon Clay
1752721,1,Matt D'Avella
430881,1,Harry Cripps
1692039,1,Claire Knight
305471,1,Steven K. Tsuchida
247709,1,Soner Caner
1887786,1,Suzanne Joe Kai
141162,1,M. Saravanan
78852,1,Dhafer L'Abidine
1704,1,David Oyelowo
446034,1,Lloyd Stanton
317117,1,Paul Toogood
395716,1,Jo Young Kwang
681627,1,Shady El-Hamus
12686,1,Jim Gaffigan
258262,1,Annette Baumeister
2081855,1,Wilfried Huismann
1031749,1,Amp Wong
117616,1,Mårten Klingberg
285285,1,Rahul Sankrityan
183835,1,Anil Ravipudi
30253,1,Tamra Davis
1603809,1,Kwon Ik-jun
1603802,1,Kim Jung-sik
150178,1,Avi Nesher
264063,1,Iván Herrera
319638,1,Michiko Namiki
730237,1,Barbara Wiltshire
1343104,1,Aakash Bhatia
2153749,1,Thyrone Tommy
252812,1,Giovanni Bognetti
1230972,1,Mathukutty Xavier
68500,1,A. L. Vijay
51076,1,Crystal Moselle
124344,1,Ömer Faruk Sorak
230786,1,Anshai Lal
167250,1,Amanda Micheli
387752,1,Paween Purijitpanya
644298,1,Hibiki Yoshizaki
1830626,1,Nobutaka Yoda
2222711,1,Yuichiro Saeki
1228667,1,Waboku
1284133,1,Bunmi Ajakaiye
1288550,1,Liju Krishna
2125143,1,Cibi Chakaravarthi
278687,1,Christopher Ashley
2028798,1,Satramm Ramani
186070,1,Katarzyna Klimkiewicz
296514,1,Kim Sung-ho
9233,1,Chris Rock
1173997,1,Jung Hyo-min
322141,1,Natalia Beristáin
86518,1,Josh Lawson
322382,1,Vishnu Raghav
996219,1,Ko Jae-hyun
1317273,1,Merawi Gerima
39803,1,Roy Chow Hin-Yeung
322420,1,Manuel Pureza
1239922,1,James Bowman
1236722,1,Mike Hollingsworth
318797,1,Sylvie Verheyde
250797,1,Han Jun-hee
49031,1,Nelson McCormick
186170,1,Ahishor Solomon
270263,1,Pietro Loprieno
257969,1,Alessio Lauria
1102816,1,Volker Heise
994783,1,Alex Van Wagner
1278319,1,Kürşad  Bayhan
229068,1,Vysakh
2519499,1,Claude Shires
1960979,1,Ruchir Arun
827184,1,Tahira Kashyap
68302,1,Danish Aslam
761114,1,Jaydeep Sarkar
317897,1,Rachel Suissa
207953,1,Juana Macías
135372,1,Tiwa Moeithaisong
1421134,1,Edward Drake
706706,1,Eamonn Butler
2308,1,Dave Rosenbaum
2483063,1,Bonie Sithebe
246370,1,Kishore Tirumala
5493,1,David Silverman
54723,1,Clare Lewins
281863,1,Abner Benaim
131886,1,Takeo Kikuchi
2157947,1,Yuko Hakoda
8942,1,James DeMonaco
37975,1,Timothy Armstrong
967765,1,Dave Needham
22748,1,Riaz Solker
257781,1,Roman White
1001897,1,Chun-Hong Lee
363870,1,Laura Fairrie
1131338,1,Delhi Prasad Deenadayal
712714,1,Dijo Jose Antony
1597508,1,Jetarin Ratanaserikiat
1954040,1,Apirak Samudkitpaisan
1953890,1,Thanabodee Uawithya
136322,1,Adirek Wattaleela
1953949,1,Sita Likitvanichkul
69535,1,Amol Palekar
1636639,1,Michael Milano
350219,1,Rodrigo Guardiola
2017936,1,Mateusz Rakowicz
1729182,1,Marie Jardillier
321045,1,Piotr Mularuk
1201185,1,Veronica Andersson
454555,1,Maciej Ślesicki
2022521,1,Mateusz Motyka
2022564,1,Filip Hillesland
265541,1,Patrick Forbes
277285,1,Jin Mo-young
347583,1,Carolina Sá
300892,1,Deepti Kakkar
300891,1,Fahad Mustafa
335006,1,Chico Pereira
1603325,1,Rocco Ricciardulli
85881,1,Marco Tullio Giordana
240933,1,Stefano Mordini
9216,1,Tuva Novotny
302412,1,Doron Max Hagay
2205191,1,Nerina de Jager
201846,1,Adib Alkhalidey
693182,1,Panayotis Pascot
365399,1,Durul Taylan
206280,1,Sam Benstead
2365356,1,Gareth Johnson
2117583,1,Brice VDH
2117569,1,Sébastien Rensonnet
69610,1,Shashilal K. Nair
2291950,1,Jin Dal-rae
2291961,1,Shin Eun-ju
2291830,1,Kim So-jin
2291874,1,Moon Jeon-kwon
2291848,1,Jung Min-gyeong
328245,1,Luciana Kaplan
160466,1,Thomas Gumede
256586,1,Santhosh Viswanath
2470553,1,Adeoluwa Owu
1826711,1,Justin P. Lange
58642,1,Hirotsugu Kawasaki
254402,1,Renée Godfrey
1095843,1,Christopher Amos
2381499,1,Maria Berry
2369441,1,Jan Spindler
2369696,1,Marek Bures
2614870,1,Reuben Odanga
202780,1,K. Madhu
355979,1,Raj Singh Chaudhary
2526360,1,Julio César Gaviria
99936,1,Shuko Murase
124537,1,Rush Sturges
1965748,1,Maciej Barczewski
180211,1,Ale McHaddo
1902989,1,Ashok Veerappan
2367538,1,Young-cheol Joe
291659,1,Maria Clara Escobar
1201552,1,Kim Dong-gyu
1693208,1,Roberto Capucci
232710,1,Nia Dinata
2050423,1,Yemi Amodu
1836261,1,Naseef Yusuf Izuddin
2324382,1,Mike Lavin
194772,1,James Redford
228444,1,Prueksa Amaruji
1999692,1,Muzi Mthembu
1368777,1,Pedro de Echave
1394809,1,Pablo Azorín
67385,1,Siva
284095,1,Lien Yi-Chi
1074079,1,Abdulaziz Alshlahei
141082,1,Bob Smeaton
1913379,1,Pratik Patra
1666278,1,Prashant Raj
126756,1,Ali Abbas Zafar
177218,1,Richard Trank
1993247,1,Daria Bukvic
25139,1,Cédric Jimenez
42513,1,Nicolas Cuche
1733764,1,Khuzema Haveliwala
1014984,1,Phil Allora
1086010,1,Jae Woo Kim
680043,1,Madonne Ashwin
234747,1,G. N. R. Kumaravelan
251102,1,Cheng Wei-Hao
168154,1,Nicolás Goldbart
244851,1,Marc Crehuet
1967178,1,Abosi Ogba
1967430,1,Akay Mason
257865,1,Onur Saylak
195612,1,Juuso Syrjä
51558,1,Lluís Quílez
1582756,1,Umut Evirgen
57101,1,Glendyn Ivin
2294335,1,Jaime Barbosa
213412,1,Jorge Durán
193316,1,Gekidan Hitori
163027,1,Vitor Brandt
212973,1,Sivaroj Kongsakul
134368,1,Ramon Térmens
186301,1,Carlos Moreno
2077132,1,Franz Kirchner
1353262,1,Sailesh Kolanu
1821917,1,Joe Guidry
852997,1,Kim Tae-ho
28862,1,Aleksey Tsitsilin
940870,1,Daiki Tomiyasu
2290905,1,Tadashi Aizawa
2217212,1,Hebru Brantley
615527,1,Sameer Saxena
104119,1,Betsy Thomas
184809,1,Srinath Rajendran
291753,1,Sam Hobkinson
1231072,1,Takana Shirai
243468,1,Ismail Basbeth
1468136,1,Seko Shamte
241966,1,Denis Imbert
208396,1,Hadrah Daeng Ratu
63129,1,Gray Hofmeyr
720323,1,Ziggy Hofmeyr
409703,1,Lee Kae-byeok
352743,1,Kellie Madison
240575,1,Lukasz Grzegorzek
596633,1,Raúl Martínez
2112940,1,Yoshihiro Mori
93518,1,Arne Feldhusen
1021696,1,Gopi Ganesh
1046298,1,Brinda
2624,1,Miguel Ángel Muñoz
344636,1,Chainarong Tampong
229339,1,Ricardo Trogi
1288140,1,Ritesh Rana
1651071,1,Chen-Hao Yin
2118106,1,Sakon Tiacharoen
279470,1,Andy Coyle
1435864,1,Fabrice Nzinzi
1420737,1,Mario Briongos
80780,1,Ryan Crego
2394539,1,Angel Kristi Williams
237108,1,Rajeev Ravi
187401,1,David Barnard
2279151,1,Renata Shoel
1796489,1,Hamisha Daryani Ahuja
159884,1,Martin Prakkat
146826,1,S. P. Jananathan
1449158,1,Jui-Chih Chiang
342313,1,Thabang Moleya
19822,1,Ali Wong
885503,1,Park Hee-yeon
946344,1,Roberto Hernández
2086146,1,Vojtech Filcev
2086159,1,Petr Vachler
184181,1,Tone Grøttjord-Glenne
949886,1,Tushar Jalota
900715,1,Fiona Roan
1217066,1,Buchi Babu Sana
1356434,1,Luis Alejandro Pérez
2140886,1,Felix De Valdivia
206219,1,Deekay
763796,1,Manuel Alcalá
11177,1,Fred Savage
225752,1,Ingvild Søderlind
258244,1,Jeferson De
174508,1,Marta Hermida
298233,1,Li Weiran
1560574,1,Kaashvie Nair
290972,1,Zhao Ji
1041504,1,José Julián Gaviria
1950442,1,Yedinson Flórez
808552,1,Gowtam Tinnanuri
1197537,1,Taranveer Singh
1862177,1,Steve Rolston
147955,1,Alessandra de Rossi
68844,1,Yoshihiro Fukagawa
1748433,1,Sung Do-joon
73538,1,Robert Townsend
1538670,1,Mayye Zayed
1178564,1,Nick Robinson
1258991,1,Raj Mehta
66930,1,Kayoze Irani
401236,1,Sarawut Wichiensarn
1150050,1,Manuele Mandolesi
48814,1,Mark A.Z. Dippé
241397,1,Florian Gottschick
68119,1,Renuka Shahane
352023,1,Wan Chi-Man
1896468,1,Praveen Kandregula
1893090,1,Greig Cameron
1062819,1,Vivek Soni
2399168,1,Riccardo Melchiades
67622,1,Álvaro Fernández Armero
812101,1,Umesh Bist
1145248,1,Swaroop RSJ
1414429,1,Massimiliano Camaiti
2488753,1,Erik Fountain
932110,1,Bert Youn
258024,1,Seema Pahwa
592641,1,Jeo Baby
2418135,1,Alex Siddons
1147578,1,Noviandra Santosa
141253,1,Monty Tiwa
19833,1,John Kafka
106079,1,Takayuki Hamana
251354,1,Oliver Thompson
1600985,1,Ron Myrick
1984086,1,Scott Pleydell-Pearce
1819378,1,Alex Kamb
1853595,1,Cassi Simonds
58673,1,Toshiyuki Tsuru
317831,1,Fran Torres
1248604,1,Qiu Zhongwei
735738,1,Emre Kabakuşak
187205,1,Eduardo Chapero-Jackson
260362,1,Takahiro Miki
117206,1,Ben Sombogaart
1950416,1,Julian Gaviria
2076529,1,Jacinth Tan Yi Ting
263316,1,Adisorn Trisirikasem
2558489,1,Samar Iqbal
11161,1,Paloma Baeza
162110,1,Niki Lindroth von Bahr
385667,1,Marc James Roels
304190,1,Emma De Swaef
395420,1,Chella Ayyavu
26394,1,Masato Harada
2406361,1,Ma Sang-hyeon
2744044,1,James Lee
1184081,1,Iban del Campo
1551106,1,Malakai
1917289,1,Trey Fanjoy
116521,1,Kongkiat Khomsiri
228573,1,Vineeth Kumar
176927,1,Rick Suvalle
924830,1,Rakesh Shashi
2697979,1,Francisco Pérez
455872,1,Sasi Shankar
24534,1,William Lau
2105898,1,David A. Vargas
260368,1,Chan Kin-long
2417598,1,Jeremie Levypon
885901,1,Gireeshaaya
2357881,1,Ben Avery
169037,1,Subhash Kapoor
1629029,1,John Leo D. Garcia
607863,1,Luc Sirois
1253934,1,Alfonso Johnson
474304,1,Sharan Koppisetty
396312,1,Luca Rea
248523,1,Ginanti Rona Tembang Asri
1179440,1,Prisca Bouchet
1071320,1,Nick Mayow
2222994,1,Marta Vargas-Machuca
2507047,1,Marta Torres
11696,1,Fred Wolf
127941,1,Saket Chaudhary
1790433,1,Easy Ferrer
1967718,1,Sreejith N
55685,1,Omar Naim
903031,1,delsar
595905,1,Ricky Ko
243667,1,Uduak-Obong Patrick
1981448,1,Santhosh Rajan
1827884,1,Mohamed Bakir
68641,1,Shashant Shah
2117351,1,Tim Stuby
2117413,1,Jim Miller
731885,1,Rizki Balki
239632,1,Ponram
2533603,1,Vikrant Deshmukh
880972,1,Uga Carlini
192009,1,Suraj
243467,1,Bagus Bramanti
271129,1,Charles Gozali
1936306,1,Myriam Fares
87723,1,Pete Davidson
2509501,1,James Webb
297328,1,David Perrault
925235,1,Ajay Bhupathi
2397392,1,Sathish Tripura
276689,1,Magizh Thirumeni
2263034,1,Jaimie Selke
2454919,1,Julio César
291500,1,Sherif Nagib
2258949,1,Mridul
228433,1,Nithin Renji Panicker
2315441,1,Han Jung-chul
2315502,1,Park Soo-jeong
1836283,1,Ahmed Yousri
2221139,1,Hayato Takahashi
234113,1,Ricardo Arnaiz
795629,1,David Schroder
192176,1,Huỳnh Đông
1647807,1,Manal Khaled
132589,1,Jose Javier Reyes
325821,1,Ahmed Nour
211279,1,Bene Dion Rajagukguk
2472309,1,Udoka Oyeka
266246,1,A. Sarkunam
2110670,1,Polimera Nageshwar
363804,1,Pascal Atuma
68734,1,Rudy Soedjarwo
2071574,1,Nishanth Kalidindi
610525,1,João Fonseca
1904729,1,Shantrelle P. Lewis
1994589,1,Manzini Zungu
1291054,1,Nikhil Pherwani
2664163,1,Taim Karesly
603947,1,Akram Farid
1754029,1,Karthik Swaminathan
1676683,1,William Jackson
1928596,1,Dandhy Laksono
1519730,1,Rahung Nasution
228429,1,Mahesh Narayanan
2204780,1,Saahil Chhabria
918476,1,Stanley D'Costa
402611,1,Gunnar Weber
907163,1,Benjamin Green
2471245,1,Kevin Luther Apaa
2471325,1,Michael Akinrogunde
48369,1,Dante Lam
311036,1,Udom Taepanich
917859,1,Randeep Jha
50810,1,Patxi Amezcua
399386,1,Robert Wichrowski
740820,1,Karim El Shenawy
2706772,1,Jassim Al-Muhanna
1223716,1,Lane Skye
66507,1,Ruckus Skye
25699,1,Jim Henson
280343,1,H. Vinoth
272559,1,Kim Jeong-kwon
240070,1,Julia Rezende
1103832,1,Carol Minêm
2599621,1,Cédric Dietsch
311755,1,Renaud Martin
166125,1,Rikiya Imaizumi
178317,1,Ashim Ahluwalia
1723895,1,Shantanu Bagchi
2666529,1,Fahad Alammari
681340,1,Nilesh Maniyar
55459,1,Pedro Pablo Ibarra
2505193,1,Nicklas Kold Nagel
174591,1,Uluç Bayraktar
1692771,1,Francis Longhurst
347552,1,Raaghav Dar
96636,1,Andrew Santino
2277619,1,Rohith Krishnan
2733207,1,Philippe Bresson
689838,1,Jayaprakash Radhakrishnan
243811,1,Samantha Nell
2720187,1,Khaled Al-Mufaidi
1445928,1,Kevin Layne
28692,1,Randal Kleiser
549933,1,Mohammed Hussain
105134,1,Larry Peerce
522301,1,A. Salaam
687112,1,K. Ramanlal
21705,1,Kevin Rodney Sullivan
590682,1,Erik Canuel
37228,1,Rowdy Herrington
85460,1,Tensai Okamura
33597,1,Michael Ritchie
332973,1,Ding Hei
143213,1,Soham Shah
15233,1,Sydney Pollack
408757,1,David Zeiger
347364,1,Bahij Hojeij
66030,1,Arthur Allan Seidelman
277353,1,Gary Andrews
107666,1,Joel Oliansky
2720,1,Alan Alda
8281,1,Vondie Curtis-Hall
64700,1,Terry Hughes
470490,1,Linda Otto
372949,1,Mukul Anand
402187,1,Alejandro Doria
59733,1,Eric Laneuville
19028,1,John Herzfeld
483456,1,Babbar Subhash
216331,1,Raj Khosla
44761,1,Benny Chan
69508,1,Vijay Lalwani
507044,1,Ramesh Talwar
421150,1,Roy Campanella II
2306720,1,Atul Mongia
